# Export from Prisma3D 2.1.1
mtllib New Project.mtl
o Mr_Bean
v 0.08809893 0.4914104 0.3369076
v -0.006768856 0.5446684 0.3273339
v -0.007431891 0.4298677 0.2319105
v 0.03802323 0.5529529 0.3750428
v -0.006768856 0.5446684 0.3273339
v 0.08809893 0.4914104 0.3369076
v 0.1274406 0.270225 0.08110842
v 0.08504565 0.1303077 0.05425748
v 0.0499221 0.1458248 0.115019
v 0.08504565 0.1303077 0.05425748
v 0.1274406 0.270225 0.08110842
v 0.1295035 0.2372183 -0.002778039
v -0.04120026 0.3065194 0.2679072
v 0.08859441 0.2820603 0.1550968
v 0.0499221 0.1458248 0.115019
v 0.08859441 0.2820603 0.1550968
v -0.04120026 0.3065194 0.2679072
v 0.1504934 0.3858148 0.1703398
v 0.1274406 0.270225 0.08110842
v 0.08859441 0.2820603 0.1550968
v 0.1504934 0.3858148 0.1703398
v 0.08859441 0.2820603 0.1550968
v 0.1274406 0.270225 0.08110842
v 0.0499221 0.1458248 0.115019
v -0.07739946 0.6230432 0.3286722
v -0.1669733 0.6039754 0.2926518
v -0.02971026 0.7178557 0.2730174
v -0.1669733 0.6039754 0.2926518
v -0.07739946 0.6230432 0.3286722
v -0.10482 0.5767548 0.3314026
v -0.07739946 0.6230432 0.3286722
v -0.02971026 0.7178557 0.2730174
v -0.01229488 0.73311 0.2810299
v -0.07739946 0.6230432 0.3286722
v 0.05544876 0.6509215 0.3300565
v -0.007485956 0.5746508 0.3273362
v 0.05544876 0.6509215 0.3300565
v -0.07739946 0.6230432 0.3286722
v -0.01229488 0.73311 0.2810299
v -0.10482 0.5767548 0.3314026
v -0.07739946 0.6230432 0.3286722
v -0.007485956 0.5746508 0.3273362
v 0.121194 0.8135886 0.14609
v -0.01229488 0.73311 0.2810299
v -0.1580248 0.7411313 0.2316955
v -0.01229488 0.73311 0.2810299
v 0.121194 0.8135886 0.14609
v 0.1785895 0.7246938 0.2669276
v -0.02971026 0.7178557 0.2730174
v -0.1572908 0.7227211 0.2369792
v -0.01229488 0.73311 0.2810299
v -0.1572908 0.7227211 0.2369792
v -0.02971026 0.7178557 0.2730174
v -0.1669733 0.6039754 0.2926518
v -0.1767332 0.4486724 0.2679223
v -0.1251318 0.4127724 0.2584377
v -0.2578168 0.4235557 0.252045
v -0.1251318 0.4127724 0.2584377
v -0.1767332 0.4486724 0.2679223
v -0.06217095 0.44933 0.2693652
v -0.1251318 0.4127724 0.2584377
v -0.05435078 0.3634596 0.2480573
v -0.2578168 0.4235557 0.252045
v -0.05435078 0.3634596 0.2480573
v -0.1251318 0.4127724 0.2584377
v -0.05233483 0.4068551 0.2618221
v -0.05233483 0.4068551 0.2618221
v -0.1251318 0.4127724 0.2584377
v -0.06217095 0.44933 0.2693652
v -0.06217095 0.44933 0.2693652
v -0.006768856 0.5446684 0.3273339
v -0.05233483 0.4068551 0.2618221
v -0.006768856 0.5446684 0.3273339
v 0.03802323 0.5529529 0.3750428
v -0.05233483 0.4068551 0.2618221
v -0.006768856 0.5446684 0.3273339
v -0.06217095 0.44933 0.2693652
v -0.007431891 0.4298677 0.2319105
v -0.3008193 0.7091765 0.1471585
v -0.1572908 0.7227211 0.2369792
v -0.3236191 0.6780107 0.1372157
v -0.2772628 0.6212022 0.2256773
v -0.1572908 0.7227211 0.2369792
v -0.2253326 0.6123916 0.2630697
v -0.2772628 0.6212022 0.2256773
v -0.2253326 0.6123916 0.2630697
v -0.20668 0.5085056 0.265514
v -0.3236191 0.6780107 0.1372157
v -0.1572908 0.7227211 0.2369792
v -0.2772628 0.6212022 0.2256773
v -0.20668 0.5085056 0.265514
v -0.1767332 0.4486724 0.2679223
v -0.2578168 0.4235557 0.252045
v -0.2772628 0.6212022 0.2256773
v -0.20668 0.5085056 0.265514
v -0.2578168 0.4235557 0.252045
v 0.286602 0.5808313 0.2945429
v 0.2809389 0.6636772 0.2614542
v 0.3618954 0.5757028 0.1251518
v 0.2809389 0.6636772 0.2614542
v 0.3653038 0.6585486 0.1258365
v 0.3618954 0.5757028 0.1251518
v 0.121194 0.8135886 0.14609
v 0.1581874 0.8273964 -0.002869562
v 0.2907407 0.7599361 0.130804
v 0.1581874 0.8273964 -0.002869562
v 0.2930019 0.7795298 -0.003299759
v 0.2907407 0.7599361 0.130804
v 0.3618954 0.5757028 0.1251518
v 0.3926786 0.5734671 -0.003617839
v 0.2935397 0.4624801 -0.003301487
v 0.2871915 0.4661621 0.0860237
v 0.3618954 0.5757028 0.1251518
v 0.2935397 0.4624801 -0.003301487
v 0.2871915 0.4661621 0.0860237
v 0.2935397 0.4624801 -0.003301487
v 0.2058745 0.3788452 -0.003021733
v 0.1504934 0.3858148 0.1703398
v 0.2871915 0.4661621 0.0860237
v 0.2058745 0.3788452 -0.003021733
v 0.2114269 0.4513025 0.2200838
v 0.2871915 0.4661621 0.0860237
v 0.1504934 0.3858148 0.1703398
v -0.007485956 0.5746508 0.3273362
v 0.3081202 0.51153 0.2399453
v -0.06088628 0.4786549 0.278681
v -0.007485956 0.5746508 0.3273362
v 0.286602 0.5808313 0.2945429
v 0.3081202 0.51153 0.2399453
v -0.06088628 0.4786549 0.278681
v 0.3081202 0.51153 0.2399453
v 0.2114269 0.4513025 0.2200838
v 0.05544876 0.6509215 0.3300565
v 0.2809389 0.6636772 0.2614542
v 0.286602 0.5808313 0.2945429
v 0.1785895 0.7246938 0.2669276
v 0.2809389 0.6636772 0.2614542
v 0.05544876 0.6509215 0.3300565
v 0.2907407 0.7599361 0.130804
v 0.3824599 0.6693318 -0.003585235
v 0.3653038 0.6585486 0.1258365
v 0.2907407 0.7599361 0.130804
v 0.2930019 0.7795298 -0.003299759
v 0.3824599 0.6693318 -0.003585235
v -0.0391939 0.8222675 -0.002239703
v 0.121194 0.8135886 0.14609
v -0.2088661 0.750994 0.1422746
v -0.0391939 0.8222675 -0.002239703
v 0.1581874 0.8273964 -0.002869562
v 0.121194 0.8135886 0.14609
v -0.3652943 0.6969471 -0.001199112
v -0.2744021 0.7516515 -0.001489149
v -0.3577297 0.7072041 0.06596412
v -0.2744021 0.7516515 -0.001489149
v -0.2620108 0.7527037 0.06134644
v -0.3577297 0.7072041 0.06596412
v -0.1572908 0.7227211 0.2369792
v -0.1580248 0.7411313 0.2316955
v -0.01229488 0.73311 0.2810299
v -0.2088661 0.750994 0.1422746
v -0.1580248 0.7411313 0.2316955
v -0.3008193 0.7091765 0.1471585
v -0.3975638 0.6473709 -0.001096116
v -0.3936419 0.6489488 0.04813428
v -0.4156705 0.5762286 -0.001038359
v -0.20668 0.5085056 0.265514
v -0.1372453 0.4961444 0.2826805
v -0.1767332 0.4486724 0.2679223
v -0.20668 0.5085056 0.265514
v -0.2253326 0.6123916 0.2630697
v -0.1372453 0.4961444 0.2826805
v -0.1767332 0.4486724 0.2679223
v -0.1088919 0.4887804 0.2913536
v -0.06217095 0.44933 0.2693652
v -0.1372453 0.4961444 0.2826805
v -0.1088919 0.4887804 0.2913536
v -0.1767332 0.4486724 0.2679223
v -0.007431891 0.4298677 0.2319105
v 0.2114269 0.4513025 0.2200838
v 0.1504934 0.3858148 0.1703398
v -0.06088628 0.4786549 0.278681
v 0.2114269 0.4513025 0.2200838
v -0.007431891 0.4298677 0.2319105
v -0.3577297 0.7072041 0.06596412
v -0.3008193 0.7091765 0.1471585
v -0.3936419 0.6489488 0.04813428
v -0.3008193 0.7091765 0.1471585
v -0.3236191 0.6780107 0.1372157
v -0.3936419 0.6489488 0.04813428
v -0.06217095 0.44933 0.2693652
v -0.06088628 0.4786549 0.278681
v -0.007431891 0.4298677 0.2319105
v -0.1088919 0.4887804 0.2913536
v -0.06088628 0.4786549 0.278681
v -0.06217095 0.44933 0.2693652
v -0.3652943 0.6969471 -0.001199112
v -0.3936419 0.6489488 0.04813428
v -0.3975638 0.6473709 -0.001096116
v -0.2253326 0.6123916 0.2630697
v -0.1669733 0.6039754 0.2926518
v -0.1372453 0.4961444 0.2826805
v -0.1372453 0.4961444 0.2826805
v -0.1669733 0.6039754 0.2926518
v -0.1088919 0.4887804 0.2913536
v 0.286602 0.5808313 0.2945429
v 0.3618954 0.5757028 0.1251518
v 0.3081202 0.51153 0.2399453
v 0.3618954 0.5757028 0.1251518
v 0.3653038 0.6585486 0.1258365
v 0.3926786 0.5734671 -0.003617839
v 0.3653038 0.6585486 0.1258365
v 0.3824599 0.6693318 -0.003585235
v 0.3926786 0.5734671 -0.003617839
v 0.2809389 0.6636772 0.2614542
v 0.2907407 0.7599361 0.130804
v 0.3653038 0.6585486 0.1258365
v 0.3081202 0.51153 0.2399453
v 0.3618954 0.5757028 0.1251518
v 0.2871915 0.4661621 0.0860237
v -0.0391939 0.8222675 -0.002239703
v -0.2620108 0.7527037 0.06134644
v -0.2744021 0.7516515 -0.001489149
v -0.2620108 0.7527037 0.06134644
v -0.3008193 0.7091765 0.1471585
v -0.3577297 0.7072041 0.06596412
v -0.2620108 0.7527037 0.06134644
v -0.2088661 0.750994 0.1422746
v -0.3008193 0.7091765 0.1471585
v -0.2620108 0.7527037 0.06134644
v -0.0391939 0.8222675 -0.002239703
v -0.2088661 0.750994 0.1422746
v -0.2088661 0.750994 0.1422746
v 0.121194 0.8135886 0.14609
v -0.1580248 0.7411313 0.2316955
v -0.3652943 0.6969471 -0.001199112
v -0.3577297 0.7072041 0.06596412
v -0.3936419 0.6489488 0.04813428
v -0.1669733 0.6039754 0.2926518
v -0.10482 0.5767548 0.3314026
v -0.1088919 0.4887804 0.2913536
v -0.1572908 0.7227211 0.2369792
v -0.1669733 0.6039754 0.2926518
v -0.2253326 0.6123916 0.2630697
v -0.1088919 0.4887804 0.2913536
v -0.10482 0.5767548 0.3314026
v -0.06088628 0.4786549 0.278681
v -0.10482 0.5767548 0.3314026
v -0.007485956 0.5746508 0.3273362
v -0.06088628 0.4786549 0.278681
v -0.007485956 0.5746508 0.3273362
v 0.05544876 0.6509215 0.3300565
v 0.286602 0.5808313 0.2945429
v -0.3008193 0.7091765 0.1471585
v -0.1580248 0.7411313 0.2316955
v -0.1572908 0.7227211 0.2369792
v -0.01229488 0.73311 0.2810299
v 0.1785895 0.7246938 0.2669276
v 0.05544876 0.6509215 0.3300565
v 0.121194 0.8135886 0.14609
v 0.2907407 0.7599361 0.130804
v 0.1785895 0.7246938 0.2669276
v 0.1785895 0.7246938 0.2669276
v 0.2907407 0.7599361 0.130804
v 0.2809389 0.6636772 0.2614542
v 0.3081202 0.51153 0.2399453
v 0.2871915 0.4661621 0.0860237
v 0.2114269 0.4513025 0.2200838
v 0.05954738 0.06166399 0.04140215
v 0.07697603 0.1296501 -0.002610416
v 0.05940312 0.06166399 -0.003806272
v -0.1832067 0.1207082 0.1494262
v -0.2240421 0.2293282 0.2741939
v -0.08600126 0.1239957 0.1612181
v -0.2240421 0.2293282 0.2741939
v 0.0499221 0.1458248 0.115019
v -0.08600126 0.1239957 0.1612181
v 0.001353718 0.05969143 0.06370543
v 0.0499221 0.1458248 0.115019
v 0.05954738 0.06166399 0.04140215
v -0.08600126 0.1239957 0.1612181
v 0.0499221 0.1458248 0.115019
v 0.001353718 0.05969143 0.06370543
v -0.05142092 0.05785036 0.04259089
v -0.1832067 0.1207082 0.1494262
v 0.001353718 0.05969143 0.06370543
v -0.1832067 0.1207082 0.1494262
v -0.08600126 0.1239957 0.1612181
v 0.001353718 0.05969143 0.06370543
v 0.0499221 0.1458248 0.115019
v 0.08504565 0.1303077 0.05425748
v 0.05954738 0.06166399 0.04140215
v -0.2444224 0.1186042 0.0674109
v -0.1832067 0.1207082 0.1494262
v -0.05142092 0.05785036 0.04259089
v -0.07917613 0.05692983 -0.003364055
v -0.2444224 0.1186042 0.0674109
v -0.05142092 0.05785036 0.04259089
v -0.2761949 0.117552 -0.001483427
v -0.2444224 0.1186042 0.0674109
v -0.07917613 0.05692983 -0.003364055
v 0.08504565 0.1303077 0.05425748
v 0.07697603 0.1296501 -0.002610416
v 0.05954738 0.06166399 0.04140215
v -0.05233483 0.4068551 0.2618221
v 0.08848682 0.3747687 0.4022854
v -0.05435078 0.3634596 0.2480573
v -0.05233483 0.4068551 0.2618221
v 0.1002657 0.4907529 0.4417534
v 0.08848682 0.3747687 0.4022854
v 0.08809893 0.4914104 0.3369076
v -0.007431891 0.4298677 0.2319105
v 0.09364001 0.3925214 0.331743
v 0.03802323 0.5529529 0.3750428
v 0.1002657 0.4907529 0.4417534
v -0.05233483 0.4068551 0.2618221
v -0.04120026 0.3065194 0.2679072
v -0.05435078 0.3634596 0.2480573
v -0.003384814 0.300602 0.3203679
v -0.05435078 0.3634596 0.2480573
v 0.08848682 0.3747687 0.4022854
v -0.003384814 0.300602 0.3203679
v 0.09364001 0.3925214 0.331743
v -0.007431891 0.4298677 0.2319105
v -0.003384814 0.300602 0.3203679
v -0.007431891 0.4298677 0.2319105
v -0.04120026 0.3065194 0.2679072
v -0.003384814 0.300602 0.3203679
v -0.2578168 0.4235557 0.252045
v -0.05435078 0.3634596 0.2480573
v -0.257921 0.3073086 0.2755539
v 0.1002657 0.4907529 0.4417534
v 0.09364001 0.3925214 0.331743
v 0.08848682 0.3747687 0.4022854
v 0.1002657 0.4907529 0.4417534
v 0.08809893 0.4914104 0.3369076
v 0.09364001 0.3925214 0.331743
v 0.03802323 0.5529529 0.3750428
v 0.08809893 0.4914104 0.3369076
v 0.1002657 0.4907529 0.4417534
v -0.257921 0.3073086 0.2755539
v -0.05435078 0.3634596 0.2480573
v -0.04120026 0.3065194 0.2679072
v 0.08848682 0.3747687 0.4022854
v 0.09364001 0.3925214 0.331743
v -0.003384814 0.300602 0.3203679
v 0.1504934 0.3858148 0.1703398
v 0.2058745 0.3788452 -0.003021733
v 0.1274406 0.270225 0.08110842
v -0.3936419 0.6489488 0.04813428
v -0.3236191 0.6780107 0.1372157
v -0.4037939 0.5734671 0.06903233
v -0.5047131 0.3146725 0.07324927
v -0.4725006 0.2778521 -0.0008570115
v -0.5581939 0.2549709 -0.0005835454
v -0.5047131 0.3146725 0.07324927
v -0.4368523 0.308229 0.102801
v -0.4725006 0.2778521 -0.0008570115
v -0.488065 0.3738483 0.06554542
v -0.4447533 0.3679307 0.09879224
v -0.4368523 0.308229 0.102801
v -0.488065 0.3738483 0.06554542
v -0.4469769 0.4381523 0.07612534
v -0.4447533 0.3679307 0.09879224
v -0.4447533 0.3679307 0.09879224
v -0.4469769 0.4381523 0.07612534
v -0.3711995 0.3188806 0.2269507
v -0.4447533 0.3679307 0.09879224
v -0.3711995 0.3188806 0.2269507
v -0.4368523 0.308229 0.102801
v -0.651058 0.3318992 -0.0002871911
v -0.5994287 0.2883723 0.05518977
v -0.6386881 0.2708827 -0.000326709
v -0.651058 0.3318992 -0.0002871911
v -0.575238 0.3428137 0.05149584
v -0.5994287 0.2883723 0.05518977
v -0.651058 0.3318992 -0.0002871911
v -0.6024746 0.3764782 -0.0004422228
v -0.575238 0.3428137 0.05149584
v -0.4597721 0.4586666 -0.0008976023
v -0.4469769 0.4381523 0.07612534
v -0.488065 0.3738483 0.06554542
v -0.5384736 0.4100111 -0.0006464879
v -0.4597721 0.4586666 -0.0008976023
v -0.488065 0.3738483 0.06554542
v -0.5384736 0.4100111 -0.0006464879
v -0.488065 0.3738483 0.06554542
v -0.575238 0.3428137 0.05149584
v -0.6024746 0.3764782 -0.0004422228
v -0.5384736 0.4100111 -0.0006464879
v -0.575238 0.3428137 0.05149584
v -0.5047131 0.3146725 0.07324927
v -0.488065 0.3738483 0.06554542
v -0.4368523 0.308229 0.102801
v -0.575238 0.3428137 0.05149584
v -0.5047131 0.3146725 0.07324927
v -0.5994287 0.2883723 0.05518977
v -0.575238 0.3428137 0.05149584
v -0.488065 0.3738483 0.06554542
v -0.5047131 0.3146725 0.07324927
v -0.6386881 0.2708827 -0.000326709
v -0.5994287 0.2883723 0.05518977
v -0.5581939 0.2549709 -0.0005835454
v -0.5994287 0.2883723 0.05518977
v -0.5047131 0.3146725 0.07324927
v -0.5581939 0.2549709 -0.0005835454
v -0.3805327 0.1698896 -0.001150475
v -0.3688976 0.1748866 0.04944639
v -0.2761949 0.117552 -0.001483427
v -0.2761949 0.117552 -0.001483427
v -0.3688976 0.1748866 0.04944639
v -0.2444224 0.1186042 0.0674109
v -0.2444224 0.1186042 0.0674109
v -0.3325499 0.215389 0.2037361
v -0.1832067 0.1207082 0.1494262
v -0.3688976 0.1748866 0.04944639
v -0.3325499 0.215389 0.2037361
v -0.2444224 0.1186042 0.0674109
v -0.4368523 0.308229 0.102801
v -0.3325499 0.215389 0.2037361
v -0.3688976 0.1748866 0.04944639
v -0.4368523 0.308229 0.102801
v -0.3711995 0.3188806 0.2269507
v -0.3325499 0.215389 0.2037361
v -0.4725006 0.2778521 -0.0008570115
v -0.3688976 0.1748866 0.04944639
v -0.3805327 0.1698896 -0.001150475
v -0.4725006 0.2778521 -0.0008570115
v -0.4368523 0.308229 0.102801
v -0.3688976 0.1748866 0.04944639
v -0.4469769 0.4381523 0.07612534
v -0.3446492 0.4225036 0.1762321
v -0.3711995 0.3188806 0.2269507
v -0.4037939 0.5734671 0.06903233
v -0.3689156 0.5711002 0.1561394
v -0.4469769 0.4381523 0.07612534
v -0.4469769 0.4381523 0.07612534
v -0.3689156 0.5711002 0.1561394
v -0.3446492 0.4225036 0.1762321
v -0.4597721 0.4586666 -0.0008976023
v -0.4037939 0.5734671 0.06903233
v -0.4469769 0.4381523 0.07612534
v -0.4156705 0.5762286 -0.001038359
v -0.4037939 0.5734671 0.06903233
v -0.4597721 0.4586666 -0.0008976023
v -0.4156705 0.5762286 -0.001038359
v -0.3936419 0.6489488 0.04813428
v -0.4037939 0.5734671 0.06903233
v -0.4037939 0.5734671 0.06903233
v -0.3236191 0.6780107 0.1372157
v -0.3689156 0.5711002 0.1561394
v 0.1295035 0.2372183 -0.002778039
v 0.07697603 0.1296501 -0.002610416
v 0.08504565 0.1303077 0.05425748
v 0.1274406 0.270225 0.08110842
v 0.2058745 0.3788452 -0.003021733
v 0.1295035 0.2372183 -0.002778039
v -0.3325499 0.215389 0.2037361
v -0.2240421 0.2293282 0.2741939
v -0.1832067 0.1207082 0.1494262
v -0.3711995 0.3188806 0.2269507
v -0.2240421 0.2293282 0.2741939
v -0.3325499 0.215389 0.2037361
v -0.3711995 0.3188806 0.2269507
v -0.257921 0.3073086 0.2755539
v -0.2240421 0.2293282 0.2741939
v -0.3711995 0.3188806 0.2269507
v -0.3446492 0.4225036 0.1762321
v -0.257921 0.3073086 0.2755539
v -0.3446492 0.4225036 0.1762321
v -0.2578168 0.4235557 0.252045
v -0.257921 0.3073086 0.2755539
v -0.3689156 0.5711002 0.1561394
v -0.2772628 0.6212022 0.2256773
v -0.2578168 0.4235557 0.252045
v -0.3446492 0.4225036 0.1762321
v -0.3689156 0.5711002 0.1561394
v -0.2578168 0.4235557 0.252045
v -0.3236191 0.6780107 0.1372157
v -0.2772628 0.6212022 0.2256773
v -0.3689156 0.5711002 0.1561394
v -0.2240421 0.2293282 0.2741939
v -0.04120026 0.3065194 0.2679072
v 0.0499221 0.1458248 0.115019
v -0.257921 0.3073086 0.2755539
v -0.04120026 0.3065194 0.2679072
v -0.2240421 0.2293282 0.2741939
v -0.007431891 0.4298677 0.2319105
v 0.1504934 0.3858148 0.1703398
v -0.04120026 0.3065194 0.2679072
v -0.00887287 0.5446684 -0.3320136
v 0.08593233 0.4914104 -0.3420534
v -0.008926909 0.4298677 -0.2365879
v -0.00887287 0.5446684 -0.3320136
v 0.0356138 0.5529529 -0.3800074
v 0.08593233 0.4914104 -0.3420534
v 0.08468255 0.1303077 -0.05952863
v 0.1269057 0.270225 -0.08651049
v 0.04917193 0.1458248 -0.1200648
v 0.1269057 0.270225 -0.08651049
v 0.08468255 0.1303077 -0.05952863
v 0.1295035 0.2372183 -0.002778039
v 0.08758812 0.2820603 -0.1602494
v -0.04292388 0.3065194 -0.2722292
v 0.04917193 0.1458248 -0.1200648
v -0.04292388 0.3065194 -0.2722292
v 0.08758812 0.2820603 -0.1602494
v 0.1493881 0.3858148 -0.1760263
v 0.08758812 0.2820603 -0.1602494
v 0.1269057 0.270225 -0.08651049
v 0.1493881 0.3858148 -0.1760263
v 0.1269057 0.270225 -0.08651049
v 0.08758812 0.2820603 -0.1602494
v 0.04917193 0.1458248 -0.1200648
v -0.1688523 0.6039754 -0.2961706
v -0.0795106 0.6230432 -0.332901
v -0.03146717 0.7178557 -0.2775517
v -0.0795106 0.6230432 -0.332901
v -0.1688523 0.6039754 -0.2961706
v -0.1069476 0.5767548 -0.3353173
v -0.03146717 0.7178557 -0.2775517
v -0.0795106 0.6230432 -0.332901
v -0.01410329 0.73311 -0.2856752
v 0.05332609 0.6509215 -0.3351332
v -0.0795106 0.6230432 -0.332901
v -0.00958997 0.5746508 -0.3320113
v -0.0795106 0.6230432 -0.332901
v 0.05332609 0.6509215 -0.3351332
v -0.01410329 0.73311 -0.2856752
v -0.0795106 0.6230432 -0.332901
v -0.1069476 0.5767548 -0.3353173
v -0.00958997 0.5746508 -0.3320113
v -0.01410329 0.73311 -0.2856752
v 0.1202441 0.8135886 -0.15159
v -0.1595153 0.7411313 -0.2354118
v 0.1202441 0.8135886 -0.15159
v -0.01410329 0.73311 -0.2856752
v 0.1768672 0.7246938 -0.2727915
v -0.1588151 0.7227211 -0.2407
v -0.03146717 0.7178557 -0.2775517
v -0.01410329 0.73311 -0.2856752
v -0.03146717 0.7178557 -0.2775517
v -0.1588151 0.7227211 -0.2407
v -0.1688523 0.6039754 -0.2961706
v -0.1267933 0.4127724 -0.2622243
v -0.1784541 0.4486724 -0.2713794
v -0.2594352 0.4235557 -0.255124
v -0.1784541 0.4486724 -0.2713794
v -0.1267933 0.4127724 -0.2622243
v -0.06390344 0.44933 -0.2735533
v -0.05594744 0.3634596 -0.2522958
v -0.1267933 0.4127724 -0.2622243
v -0.2594352 0.4235557 -0.255124
v -0.1267933 0.4127724 -0.2622243
v -0.05594744 0.3634596 -0.2522958
v -0.05401983 0.4068551 -0.2662123
v -0.1267933 0.4127724 -0.2622243
v -0.05401983 0.4068551 -0.2662123
v -0.06390344 0.44933 -0.2735533
v -0.00887287 0.5446684 -0.3320136
v -0.06390344 0.44933 -0.2735533
v -0.05401983 0.4068551 -0.2662123
v 0.0356138 0.5529529 -0.3800074
v -0.00887287 0.5446684 -0.3320136
v -0.05401983 0.4068551 -0.2662123
v -0.06390344 0.44933 -0.2735533
v -0.00887287 0.5446684 -0.3320136
v -0.008926909 0.4298677 -0.2365879
v -0.1588151 0.7227211 -0.2407
v -0.3017674 0.7091765 -0.1499652
v -0.3245029 0.6780107 -0.139738
v -0.1588151 0.7227211 -0.2407
v -0.2787125 0.6212022 -0.2286326
v -0.227022 0.6123916 -0.2663557
v -0.227022 0.6123916 -0.2663557
v -0.2787125 0.6212022 -0.2286326
v -0.208385 0.5085056 -0.26878
v -0.1588151 0.7227211 -0.2407
v -0.3245029 0.6780107 -0.139738
v -0.2787125 0.6212022 -0.2286326
v -0.1784541 0.4486724 -0.2713794
v -0.208385 0.5085056 -0.26878
v -0.2594352 0.4235557 -0.255124
v -0.208385 0.5085056 -0.26878
v -0.2787125 0.6212022 -0.2286326
v -0.2594352 0.4235557 -0.255124
v 0.2792494 0.6636772 -0.2679713
v 0.2847013 0.5808313 -0.3010955
v 0.3610742 0.5757028 -0.1321884
v 0.3644786 0.6585486 -0.1327557
v 0.2792494 0.6636772 -0.2679713
v 0.3610742 0.5757028 -0.1321884
v 0.1581874 0.8273964 -0.002869562
v 0.1202441 0.8135886 -0.15159
v 0.2898849 0.7599361 -0.1373863
v 0.2930019 0.7795298 -0.003299759
v 0.1581874 0.8273964 -0.002869562
v 0.2898849 0.7599361 -0.1373863
v 0.3926786 0.5734671 -0.003617839
v 0.3610742 0.5757028 -0.1321884
v 0.2935397 0.4624801 -0.003301487
v 0.3610742 0.5757028 -0.1321884
v 0.286622 0.4661621 -0.09244524
v 0.2935397 0.4624801 -0.003301487
v 0.2935397 0.4624801 -0.003301487
v 0.286622 0.4661621 -0.09244524
v 0.2058745 0.3788452 -0.003021733
v 0.286622 0.4661621 -0.09244524
v 0.1493881 0.3858148 -0.1760263
v 0.2058745 0.3788452 -0.003021733
v 0.286622 0.4661621 -0.09244524
v 0.2100033 0.4513025 -0.226019
v 0.1493881 0.3858148 -0.1760263
v 0.3065675 0.51153 -0.2466364
v -0.00958997 0.5746508 -0.3320113
v -0.06267826 0.4786549 -0.2828771
v 0.2847013 0.5808313 -0.3010955
v -0.00958997 0.5746508 -0.3320113
v 0.3065675 0.51153 -0.2466364
v 0.3065675 0.51153 -0.2466364
v -0.06267826 0.4786549 -0.2828771
v 0.2100033 0.4513025 -0.226019
v 0.2792494 0.6636772 -0.2679713
v 0.05332609 0.6509215 -0.3351332
v 0.2847013 0.5808313 -0.3010955
v 0.2792494 0.6636772 -0.2679713
v 0.1768672 0.7246938 -0.2727915
v 0.05332609 0.6509215 -0.3351332
v 0.3824599 0.6693318 -0.003585235
v 0.2898849 0.7599361 -0.1373863
v 0.3644786 0.6585486 -0.1327557
v 0.2930019 0.7795298 -0.003299759
v 0.2898849 0.7599361 -0.1373863
v 0.3824599 0.6693318 -0.003585235
v 0.1202441 0.8135886 -0.15159
v -0.0391939 0.8222675 -0.002239703
v -0.2097845 0.750994 -0.1455292
v 0.1581874 0.8273964 -0.002869562
v -0.0391939 0.8222675 -0.002239703
v 0.1202441 0.8135886 -0.15159
v -0.2744021 0.7516515 -0.001489149
v -0.3652943 0.6969471 -0.001199112
v -0.3581581 0.7072041 -0.06827013
v -0.2624121 0.7527037 -0.06440252
v -0.2744021 0.7516515 -0.001489149
v -0.3581581 0.7072041 -0.06827013
v -0.1595153 0.7411313 -0.2354118
v -0.1588151 0.7227211 -0.2407
v -0.01410329 0.73311 -0.2856752
v -0.1595153 0.7411313 -0.2354118
v -0.2097845 0.750994 -0.1455292
v -0.3017674 0.7091765 -0.1499652
v -0.3939561 0.6489488 -0.05035053
v -0.3975638 0.6473709 -0.001096116
v -0.4156705 0.5762286 -0.001038359
v -0.1390617 0.4961444 -0.2865284
v -0.208385 0.5085056 -0.26878
v -0.1784541 0.4486724 -0.2713794
v -0.227022 0.6123916 -0.2663557
v -0.208385 0.5085056 -0.26878
v -0.1390617 0.4961444 -0.2865284
v -0.1107642 0.4887804 -0.2953822
v -0.1784541 0.4486724 -0.2713794
v -0.06390344 0.44933 -0.2735533
v -0.1107642 0.4887804 -0.2953822
v -0.1390617 0.4961444 -0.2865284
v -0.1784541 0.4486724 -0.2713794
v 0.2100033 0.4513025 -0.226019
v -0.008926909 0.4298677 -0.2365879
v 0.1493881 0.3858148 -0.1760263
v 0.2100033 0.4513025 -0.226019
v -0.06267826 0.4786549 -0.2828771
v -0.008926909 0.4298677 -0.2365879
v -0.3017674 0.7091765 -0.1499652
v -0.3581581 0.7072041 -0.06827013
v -0.3939561 0.6489488 -0.05035053
v -0.3245029 0.6780107 -0.139738
v -0.3017674 0.7091765 -0.1499652
v -0.3939561 0.6489488 -0.05035053
v -0.06267826 0.4786549 -0.2828771
v -0.06390344 0.44933 -0.2735533
v -0.008926909 0.4298677 -0.2365879
v -0.06267826 0.4786549 -0.2828771
v -0.1107642 0.4887804 -0.2953822
v -0.06390344 0.44933 -0.2735533
v -0.3939561 0.6489488 -0.05035053
v -0.3652943 0.6969471 -0.001199112
v -0.3975638 0.6473709 -0.001096116
v -0.1688523 0.6039754 -0.2961706
v -0.227022 0.6123916 -0.2663557
v -0.1390617 0.4961444 -0.2865284
v -0.1688523 0.6039754 -0.2961706
v -0.1390617 0.4961444 -0.2865284
v -0.1107642 0.4887804 -0.2953822
v 0.3610742 0.5757028 -0.1321884
v 0.2847013 0.5808313 -0.3010955
v 0.3065675 0.51153 -0.2466364
v 0.3644786 0.6585486 -0.1327557
v 0.3610742 0.5757028 -0.1321884
v 0.3926786 0.5734671 -0.003617839
v 0.3824599 0.6693318 -0.003585235
v 0.3644786 0.6585486 -0.1327557
v 0.3926786 0.5734671 -0.003617839
v 0.2898849 0.7599361 -0.1373863
v 0.2792494 0.6636772 -0.2679713
v 0.3644786 0.6585486 -0.1327557
v 0.3610742 0.5757028 -0.1321884
v 0.3065675 0.51153 -0.2466364
v 0.286622 0.4661621 -0.09244524
v -0.2624121 0.7527037 -0.06440252
v -0.0391939 0.8222675 -0.002239703
v -0.2744021 0.7516515 -0.001489149
v -0.3017674 0.7091765 -0.1499652
v -0.2624121 0.7527037 -0.06440252
v -0.3581581 0.7072041 -0.06827013
v -0.2097845 0.750994 -0.1455292
v -0.2624121 0.7527037 -0.06440252
v -0.3017674 0.7091765 -0.1499652
v -0.0391939 0.8222675 -0.002239703
v -0.2624121 0.7527037 -0.06440252
v -0.2097845 0.750994 -0.1455292
v 0.1202441 0.8135886 -0.15159
v -0.2097845 0.750994 -0.1455292
v -0.1595153 0.7411313 -0.2354118
v -0.3581581 0.7072041 -0.06827013
v -0.3652943 0.6969471 -0.001199112
v -0.3939561 0.6489488 -0.05035053
v -0.1069476 0.5767548 -0.3353173
v -0.1688523 0.6039754 -0.2961706
v -0.1107642 0.4887804 -0.2953822
v -0.1688523 0.6039754 -0.2961706
v -0.1588151 0.7227211 -0.2407
v -0.227022 0.6123916 -0.2663557
v -0.1069476 0.5767548 -0.3353173
v -0.1107642 0.4887804 -0.2953822
v -0.06267826 0.4786549 -0.2828771
v -0.00958997 0.5746508 -0.3320113
v -0.1069476 0.5767548 -0.3353173
v -0.06267826 0.4786549 -0.2828771
v 0.05332609 0.6509215 -0.3351332
v -0.00958997 0.5746508 -0.3320113
v 0.2847013 0.5808313 -0.3010955
v -0.1595153 0.7411313 -0.2354118
v -0.3017674 0.7091765 -0.1499652
v -0.1588151 0.7227211 -0.2407
v 0.1768672 0.7246938 -0.2727915
v -0.01410329 0.73311 -0.2856752
v 0.05332609 0.6509215 -0.3351332
v 0.2898849 0.7599361 -0.1373863
v 0.1202441 0.8135886 -0.15159
v 0.1768672 0.7246938 -0.2727915
v 0.2898849 0.7599361 -0.1373863
v 0.1768672 0.7246938 -0.2727915
v 0.2792494 0.6636772 -0.2679713
v 0.286622 0.4661621 -0.09244524
v 0.3065675 0.51153 -0.2466364
v 0.2100033 0.4513025 -0.226019
v 0.07697603 0.1296501 -0.002610416
v 0.05926685 0.06166399 -0.04651085
v 0.05940312 0.06166399 -0.003806272
v -0.2258026 0.2293282 -0.277488
v -0.1841717 0.1207082 -0.1529834
v -0.08704308 0.1239957 -0.1652563
v 0.04917193 0.1458248 -0.1200648
v -0.2258026 0.2293282 -0.277488
v -0.08704308 0.1239957 -0.1652563
v 0.04917193 0.1458248 -0.1200648
v 0.00093247 0.05969143 -0.06830317
v 0.05926685 0.06166399 -0.04651085
v 0.04917193 0.1458248 -0.1200648
v -0.08704308 0.1239957 -0.1652563
v 0.00093247 0.05969143 -0.06830317
v -0.1841717 0.1207082 -0.1529834
v -0.05170678 0.05785036 -0.04699134
v 0.00093247 0.05969143 -0.06830317
v -0.08704308 0.1239957 -0.1652563
v -0.1841717 0.1207082 -0.1529834
v 0.00093247 0.05969143 -0.06830317
v 0.08468255 0.1303077 -0.05952863
v 0.04917193 0.1458248 -0.1200648
v 0.05926685 0.06166399 -0.04651085
v -0.1841717 0.1207082 -0.1529834
v -0.2448627 0.1186042 -0.07057912
v -0.05170678 0.05785036 -0.04699134
v -0.2448627 0.1186042 -0.07057912
v -0.07917613 0.05692983 -0.003364055
v -0.05170678 0.05785036 -0.04699134
v -0.2448627 0.1186042 -0.07057912
v -0.2761949 0.117552 -0.001483427
v -0.07917613 0.05692983 -0.003364055
v 0.07697603 0.1296501 -0.002610416
v 0.08468255 0.1303077 -0.05952863
v 0.05926685 0.06166399 -0.04651085
v 0.08590251 0.3747687 -0.4075714
v -0.05401983 0.4068551 -0.2662123
v -0.05594744 0.3634596 -0.2522958
v 0.09742931 0.4907529 -0.4471138
v -0.05401983 0.4068551 -0.2662123
v 0.08590251 0.3747687 -0.4075714
v -0.008926909 0.4298677 -0.2365879
v 0.08593233 0.4914104 -0.3420534
v 0.09150626 0.3925214 -0.3369243
v 0.09742931 0.4907529 -0.4471138
v 0.0356138 0.5529529 -0.3800074
v -0.05401983 0.4068551 -0.2662123
v -0.05594744 0.3634596 -0.2522958
v -0.04292388 0.3065194 -0.2722292
v -0.005444005 0.300602 -0.3249302
v 0.08590251 0.3747687 -0.4075714
v -0.05594744 0.3634596 -0.2522958
v -0.005444005 0.300602 -0.3249302
v -0.008926909 0.4298677 -0.2365879
v 0.09150626 0.3925214 -0.3369243
v -0.005444005 0.300602 -0.3249302
v -0.04292388 0.3065194 -0.2722292
v -0.008926909 0.4298677 -0.2365879
v -0.005444005 0.300602 -0.3249302
v -0.05594744 0.3634596 -0.2522958
v -0.2594352 0.4235557 -0.255124
v -0.259689 0.3073086 -0.2784927
v 0.09150626 0.3925214 -0.3369243
v 0.09742931 0.4907529 -0.4471138
v 0.08590251 0.3747687 -0.4075714
v 0.08593233 0.4914104 -0.3420534
v 0.09742931 0.4907529 -0.4471138
v 0.09150626 0.3925214 -0.3369243
v 0.08593233 0.4914104 -0.3420534
v 0.0356138 0.5529529 -0.3800074
v 0.09742931 0.4907529 -0.4471138
v -0.05594744 0.3634596 -0.2522958
v -0.259689 0.3073086 -0.2784927
v -0.04292388 0.3065194 -0.2722292
v 0.09150626 0.3925214 -0.3369243
v 0.08590251 0.3747687 -0.4075714
v -0.005444005 0.300602 -0.3249302
v 0.2058745 0.3788452 -0.003021733
v 0.1493881 0.3858148 -0.1760263
v 0.1269057 0.270225 -0.08651049
v -0.3245029 0.6780107 -0.139738
v -0.3939561 0.6489488 -0.05035053
v -0.404241 0.5734671 -0.07104425
v -0.4725006 0.2778521 -0.0008570115
v -0.5051854 0.3146725 -0.07475616
v -0.5581939 0.2549709 -0.0005835454
v -0.4375141 0.308229 -0.1046013
v -0.5051854 0.3146725 -0.07475616
v -0.4725006 0.2778521 -0.0008570115
v -0.4453898 0.3679307 -0.1006812
v -0.4884885 0.3738483 -0.06715871
v -0.4375141 0.308229 -0.1046013
v -0.4474683 0.4381523 -0.0778615
v -0.4884885 0.3738483 -0.06715871
v -0.4453898 0.3679307 -0.1006812
v -0.4474683 0.4381523 -0.0778615
v -0.4453898 0.3679307 -0.1006812
v -0.372655 0.3188806 -0.2291675
v -0.372655 0.3188806 -0.2291675
v -0.4453898 0.3679307 -0.1006812
v -0.4375141 0.308229 -0.1046013
v -0.5997833 0.2883723 -0.05595343
v -0.651058 0.3318992 -0.0002871911
v -0.6386881 0.2708827 -0.000326709
v -0.5755701 0.3428137 -0.0525531
v -0.651058 0.3318992 -0.0002871911
v -0.5997833 0.2883723 -0.05595343
v -0.6024746 0.3764782 -0.0004422228
v -0.651058 0.3318992 -0.0002871911
v -0.5755701 0.3428137 -0.0525531
v -0.4474683 0.4381523 -0.0778615
v -0.4597721 0.4586666 -0.0008976023
v -0.4884885 0.3738483 -0.06715871
v -0.4597721 0.4586666 -0.0008976023
v -0.5384736 0.4100111 -0.0006464879
v -0.4884885 0.3738483 -0.06715871
v -0.4884885 0.3738483 -0.06715871
v -0.5384736 0.4100111 -0.0006464879
v -0.5755701 0.3428137 -0.0525531
v -0.5384736 0.4100111 -0.0006464879
v -0.6024746 0.3764782 -0.0004422228
v -0.5755701 0.3428137 -0.0525531
v -0.4884885 0.3738483 -0.06715871
v -0.5051854 0.3146725 -0.07475616
v -0.4375141 0.308229 -0.1046013
v -0.5051854 0.3146725 -0.07475616
v -0.5755701 0.3428137 -0.0525531
v -0.5997833 0.2883723 -0.05595343
v -0.4884885 0.3738483 -0.06715871
v -0.5755701 0.3428137 -0.0525531
v -0.5051854 0.3146725 -0.07475616
v -0.5997833 0.2883723 -0.05595343
v -0.6386881 0.2708827 -0.000326709
v -0.5581939 0.2549709 -0.0005835454
v -0.5051854 0.3146725 -0.07475616
v -0.5997833 0.2883723 -0.05595343
v -0.5581939 0.2549709 -0.0005835454
v -0.3692203 0.1748866 -0.05168138
v -0.3805327 0.1698896 -0.001150475
v -0.2761949 0.117552 -0.001483427
v -0.3692203 0.1748866 -0.05168138
v -0.2761949 0.117552 -0.001483427
v -0.2448627 0.1186042 -0.07057912
v -0.3338581 0.215389 -0.2062
v -0.2448627 0.1186042 -0.07057912
v -0.1841717 0.1207082 -0.1529834
v -0.3338581 0.215389 -0.2062
v -0.3692203 0.1748866 -0.05168138
v -0.2448627 0.1186042 -0.07057912
v -0.3338581 0.215389 -0.2062
v -0.4375141 0.308229 -0.1046013
v -0.3692203 0.1748866 -0.05168138
v -0.372655 0.3188806 -0.2291675
v -0.4375141 0.308229 -0.1046013
v -0.3338581 0.215389 -0.2062
v -0.3692203 0.1748866 -0.05168138
v -0.4725006 0.2778521 -0.0008570115
v -0.3805327 0.1698896 -0.001150475
v -0.4375141 0.308229 -0.1046013
v -0.4725006 0.2778521 -0.0008570115
v -0.3692203 0.1748866 -0.05168138
v -0.345782 0.4225036 -0.1787584
v -0.4474683 0.4381523 -0.0778615
v -0.372655 0.3188806 -0.2291675
v -0.3699197 0.5711002 -0.1585113
v -0.404241 0.5734671 -0.07104425
v -0.4474683 0.4381523 -0.0778615
v -0.3699197 0.5711002 -0.1585113
v -0.4474683 0.4381523 -0.0778615
v -0.345782 0.4225036 -0.1787584
v -0.404241 0.5734671 -0.07104425
v -0.4597721 0.4586666 -0.0008976023
v -0.4474683 0.4381523 -0.0778615
v -0.404241 0.5734671 -0.07104425
v -0.4156705 0.5762286 -0.001038359
v -0.4597721 0.4586666 -0.0008976023
v -0.3939561 0.6489488 -0.05035053
v -0.4156705 0.5762286 -0.001038359
v -0.404241 0.5734671 -0.07104425
v -0.3245029 0.6780107 -0.139738
v -0.404241 0.5734671 -0.07104425
v -0.3699197 0.5711002 -0.1585113
v 0.07697603 0.1296501 -0.002610416
v 0.1295035 0.2372183 -0.002778039
v 0.08468255 0.1303077 -0.05952863
v 0.2058745 0.3788452 -0.003021733
v 0.1269057 0.270225 -0.08651049
v 0.1295035 0.2372183 -0.002778039
v -0.2258026 0.2293282 -0.277488
v -0.3338581 0.215389 -0.2062
v -0.1841717 0.1207082 -0.1529834
v -0.2258026 0.2293282 -0.277488
v -0.372655 0.3188806 -0.2291675
v -0.3338581 0.215389 -0.2062
v -0.259689 0.3073086 -0.2784927
v -0.372655 0.3188806 -0.2291675
v -0.2258026 0.2293282 -0.277488
v -0.345782 0.4225036 -0.1787584
v -0.372655 0.3188806 -0.2291675
v -0.259689 0.3073086 -0.2784927
v -0.2594352 0.4235557 -0.255124
v -0.345782 0.4225036 -0.1787584
v -0.259689 0.3073086 -0.2784927
v -0.2787125 0.6212022 -0.2286326
v -0.3699197 0.5711002 -0.1585113
v -0.2594352 0.4235557 -0.255124
v -0.3699197 0.5711002 -0.1585113
v -0.345782 0.4225036 -0.1787584
v -0.2594352 0.4235557 -0.255124
v -0.2787125 0.6212022 -0.2286326
v -0.3245029 0.6780107 -0.139738
v -0.3699197 0.5711002 -0.1585113
v -0.04292388 0.3065194 -0.2722292
v -0.2258026 0.2293282 -0.277488
v 0.04917193 0.1458248 -0.1200648
v -0.04292388 0.3065194 -0.2722292
v -0.259689 0.3073086 -0.2784927
v -0.2258026 0.2293282 -0.277488
v 0.1493881 0.3858148 -0.1760263
v -0.008926909 0.4298677 -0.2365879
v -0.04292388 0.3065194 -0.2722292
v 0.05954738 0.06166399 0.04140215
v 0.05940312 0.06166399 -0.003806272
v 0.0626416 0.01458657 -0.0001998926
v -0.07917613 0.05692983 -0.003364055
v -0.05142092 0.05785036 0.04259089
v -0.01584071 -0.005927682 0.01256993
v -0.07917613 0.05692983 -0.003364055
v -0.01584071 -0.005927682 0.01256993
v -0.02036253 -0.007111192 6.497549E-05
v -0.05142092 0.05785036 0.04259089
v -0.00448738 -0.002903342 0.03103457
v -0.01584071 -0.005927682 0.01256993
v -0.05142092 0.05785036 0.04259089
v 0.01938988 0.003277421 0.0415303
v -0.00448738 -0.002903342 0.03103457
v -0.05142092 0.05785036 0.04259089
v 0.001353718 0.05969143 0.06370543
v 0.01938988 0.003277421 0.0415303
v 0.001353718 0.05969143 0.06370543
v 0.05954738 0.06166399 0.04140215
v 0.0430235 0.009457827 0.03185669
v 0.001353718 0.05969143 0.06370543
v 0.0430235 0.009457827 0.03185669
v 0.01938988 0.003277421 0.0415303
v 0.05954738 0.06166399 0.04140215
v 0.0626416 0.01458657 -0.0001998926
v 0.0430235 0.009457827 0.03185669
v 0.05940312 0.06166399 -0.003806272
v 0.05926685 0.06166399 -0.04651085
v 0.0626416 0.01458657 -0.0001998926
v -0.05170678 0.05785036 -0.04699134
v -0.07917613 0.05692983 -0.003364055
v -0.01592106 -0.005927682 -0.01260769
v -0.01592106 -0.005927682 -0.01260769
v -0.07917613 0.05692983 -0.003364055
v -0.02036253 -0.007111192 6.497549E-05
v 0.0626416 0.01458657 -0.0001998926
v 0.05926685 0.06166399 -0.04651085
v 0.04281931 0.009457827 -0.03213062
v -0.004685797 -0.002903342 -0.0311444
v -0.05170678 0.05785036 -0.04699134
v -0.01592106 -0.005927682 -0.01260769
v 0.01912399 0.003277421 -0.0417923
v -0.05170678 0.05785036 -0.04699134
v -0.004685797 -0.002903342 -0.0311444
v 0.00093247 0.05969143 -0.06830317
v -0.05170678 0.05785036 -0.04699134
v 0.01912399 0.003277421 -0.0417923
v 0.05926685 0.06166399 -0.04651085
v 0.00093247 0.05969143 -0.06830317
v 0.04281931 0.009457827 -0.03213062
v 0.04281931 0.009457827 -0.03213062
v 0.00093247 0.05969143 -0.06830317
v 0.01912399 0.003277421 -0.0417923
vn 0.6457987 0.4310547 -0.6301871
vn 0.531512 0.590629 -0.6071676
vn 0.4982605 0.5342184 -0.6828963
vn 0.7254142 0.6143336 -0.310433
vn 0.531512 0.590629 -0.6071676
vn 0.6457987 0.4310547 -0.6301871
vn 0.899241 -0.317949 0.3004566
vn 0.9420506 -0.2889529 0.1704306
vn 0.6285857 -0.4275873 0.6496531
vn 0.9420506 -0.2889529 0.1704306
vn 0.899241 -0.317949 0.3004566
vn 0.9492478 -0.3145138 -0.003102958
vn 0.5624979 -0.4218114 0.7111056
vn 0.7604527 -0.3569959 0.5424624
vn 0.6285857 -0.4275873 0.6496531
vn 0.7604527 -0.3569959 0.5424624
vn 0.5624979 -0.4218114 0.7111056
vn 0.7854627 -0.5030839 0.3604925
vn 0.899241 -0.317949 0.3004566
vn 0.7604527 -0.3569959 0.5424624
vn 0.7854627 -0.5030839 0.3604925
vn 0.7604527 -0.3569959 0.5424624
vn 0.899241 -0.317949 0.3004566
vn 0.6285857 -0.4275873 0.6496531
vn -0.51359 0.4590265 0.7249276
vn -0.4414493 0.4130131 0.7965819
vn -0.5577146 0.5051454 0.6586218
vn -0.4414493 0.4130131 0.7965819
vn -0.51359 0.4590265 0.7249276
vn -0.626518 0.0001857533 0.7794069
vn -0.51359 0.4590265 0.7249276
vn -0.5577146 0.5051454 0.6586218
vn -0.795964 0.4902692 0.3550736
vn 0.02415465 0.0004832094 0.9997081
vn 0.1319675 0.2588518 0.9568596
vn 0.09178556 -0.2790804 0.955871
vn 0.1319675 0.2588518 0.9568596
vn -0.51359 0.4590265 0.7249276
vn -0.1342342 0.4242858 0.8955238
vn 0.0454094 -0.2121736 0.9761764
vn 0.02415465 0.0004832094 0.9997081
vn 0.09178556 -0.2790804 0.955871
vn 0.03687542 0.9401558 0.3387437
vn 0.02824784 0.7638633 0.6447595
vn -0.2935872 0.8958498 0.3335561
vn 0.02824784 0.7638633 0.6447595
vn 0.03687542 0.9401558 0.3387437
vn 0.3121077 0.6487782 0.6940285
vn -0.3455741 -0.1694923 0.9229577
vn -0.5097545 0.2652366 0.8184131
vn -0.3677763 0.03215754 0.929358
vn -0.5097545 0.2652366 0.8184131
vn -0.5577146 0.5051454 0.6586218
vn -0.4414493 0.4130131 0.7965819
vn -0.1793389 -0.2104602 0.9610119
vn -0.0744063 -0.267941 0.9605577
vn -0.4052417 -0.03307674 0.9136109
vn -0.0744063 -0.267941 0.9605577
vn -0.1793389 -0.2104602 0.9610119
vn -0.08791596 -0.2964351 0.9509978
vn -0.0744063 -0.267941 0.9605577
vn -0.02822693 -0.1311457 0.9909611
vn -0.4052417 -0.03307674 0.9136109
vn -0.02822693 -0.1311457 0.9909611
vn -0.0744063 -0.267941 0.9605577
vn -0.5075313 -0.1732307 0.8440398
vn -0.5075313 -0.1732307 0.8440398
vn -0.0744063 -0.267941 0.9605577
vn -0.08791596 -0.2964351 0.9509978
vn -0.08791596 -0.2964351 0.9509978
vn -0.685553 -0.1534835 0.7116598
vn -0.5075313 -0.1732307 0.8440398
vn -0.685553 -0.1534835 0.7116598
vn -0.8131877 -0.05535068 0.5793635
vn -0.5075313 -0.1732307 0.8440398
vn -0.3650028 0.5763099 -0.7311907
vn -0.3650028 0.5763099 -0.7311907
vn -0.3650028 0.5763099 -0.7311907
vn -0.7969566 0.237419 0.5554209
vn -0.5097545 0.2652366 0.8184131
vn -0.7963429 0.3069759 0.5211561
vn -0.6638769 0.219839 0.7147994
vn -0.5097545 0.2652366 0.8184131
vn -0.5385176 0.1088645 0.8355519
vn -0.6638769 0.219839 0.7147994
vn -0.5385176 0.1088645 0.8355519
vn -0.4112581 -0.02953538 0.9110403
vn -0.7963429 0.3069759 0.5211561
vn -0.5097545 0.2652366 0.8184131
vn -0.6638769 0.219839 0.7147994
vn -0.4112581 -0.02953538 0.9110403
vn -0.1793389 -0.2104602 0.9610119
vn -0.4052417 -0.03307674 0.9136109
vn -0.6638769 0.219839 0.7147994
vn -0.4112581 -0.02953538 0.9110403
vn -0.4052417 -0.03307674 0.9136109
vn 0.9439276 0.0694859 0.3227573
vn 0.9031447 0.1910498 0.384486
vn 0.9506755 -0.2077656 0.2303247
vn 0.9031447 0.1910498 0.384486
vn 0.9481111 0.1882891 0.2561885
vn 0.9506755 -0.2077656 0.2303247
vn 0.03687542 0.9401558 0.3387437
vn 0.2768164 0.9609224 -0.0008833408
vn 0.6557791 0.697815 0.288111
vn 0.2768164 0.9609224 -0.0008833408
vn 0.6766452 0.7363061 -0.002159238
vn 0.6557791 0.697815 0.288111
vn 0.9506755 -0.2077656 0.2303247
vn 0.984763 -0.1738727 -0.003162682
vn 0.840031 -0.5425317 -0.00271821
vn 0.7760563 -0.6158842 0.1357316
vn 0.9506755 -0.2077656 0.2303247
vn 0.840031 -0.5425317 -0.00271821
vn 0.7760563 -0.6158842 0.1357316
vn 0.840031 -0.5425317 -0.00271821
vn 0.8618878 -0.5070912 -0.002803206
vn 0.7854627 -0.5030839 0.3604925
vn 0.7760563 -0.6158842 0.1357316
vn 0.8618878 -0.5070912 -0.002803206
vn 0.7150647 -0.6580174 0.2359993
vn 0.7760563 -0.6158842 0.1357316
vn 0.7854627 -0.5030839 0.3604925
vn 0.09178556 -0.2790804 0.955871
vn 0.1600815 -0.510628 0.8447679
vn 0.2198943 -0.4281645 0.8765395
vn 0.09178556 -0.2790804 0.955871
vn 0.1420657 -0.3572061 0.9231582
vn 0.1600815 -0.510628 0.8447679
vn 0.2198943 -0.4281645 0.8765395
vn 0.1600815 -0.510628 0.8447679
vn 0.1490354 -0.5741594 0.8050649
vn 0.1319675 0.2588518 0.9568596
vn 0.4118083 0.4512275 0.7917118
vn 0.318018 0.3489196 0.8815439
vn 0.3121077 0.6487782 0.6940285
vn 0.4118083 0.4512275 0.7917118
vn 0.1319675 0.2588518 0.9568596
vn 0.6557791 0.697815 0.288111
vn 0.9326084 0.3608773 -0.003019691
vn 0.9481111 0.1882891 0.2561885
vn 0.6557791 0.697815 0.288111
vn 0.6766452 0.7363061 -0.002159238
vn 0.9326084 0.3608773 -0.003019691
vn -0.252546 0.9675846 0.0007585883
vn 0.03687542 0.9401558 0.3387437
vn -0.3628335 0.8970768 0.2522005
vn -0.252546 0.9675846 0.0007585883
vn 0.2768164 0.9609224 -0.0008833408
vn 0.03687542 0.9401558 0.3387437
vn -0.8353445 0.5497203 0.002687097
vn -0.5219296 0.8529869 0.001687765
vn -0.5683633 0.8181679 0.08697397
vn -0.5219296 0.8529869 0.001687765
vn -0.4545898 0.8749545 0.1667418
vn -0.5683633 0.8181679 0.08697397
vn -0.5097545 0.2652366 0.8184131
vn -0.5088174 0.2114521 0.8345016
vn -0.3677763 0.03215754 0.929358
vn -0.3628335 0.8970768 0.2522005
vn -0.2935872 0.8958498 0.3335561
vn -0.4981438 0.8207084 0.2798042
vn -0.9507771 0.3098608 0.003033996
vn -0.9304816 0.2855211 0.2295245
vn -0.9809428 0.1942729 0.003043532
vn -0.4112581 -0.02953538 0.9110403
vn -0.3998332 -0.09819096 0.9113132
vn -0.1793389 -0.2104602 0.9610119
vn -0.4112581 -0.02953538 0.9110403
vn -0.5385176 0.1088645 0.8355519
vn -0.3998332 -0.09819096 0.9113132
vn -0.1793389 -0.2104602 0.9610119
vn -0.1932636 -0.291779 0.9367573
vn -0.08791596 -0.2964351 0.9509978
vn -0.3998332 -0.09819096 0.9113132
vn -0.1932636 -0.291779 0.9367573
vn -0.1793389 -0.2104602 0.9610119
vn 0.2903943 -0.5173606 0.8049901
vn 0.1490354 -0.5741594 0.8050649
vn 0.1372788 -0.6382049 0.7575282
vn 0.2198943 -0.4281645 0.8765395
vn 0.1490354 -0.5741594 0.8050649
vn 0.2903943 -0.5173606 0.8049901
vn -0.9083236 0.3405566 0.2428361
vn -0.7969566 0.237419 0.5554209
vn -0.9304816 0.2855211 0.2295245
vn -0.7969566 0.237419 0.5554209
vn -0.7963429 0.3069759 0.5211561
vn -0.9304816 0.2855211 0.2295245
vn 0.5674821 -0.2536333 0.7833481
vn 0.2198943 -0.4281645 0.8765395
vn 0.2903943 -0.5173606 0.8049901
vn -0.1932636 -0.291779 0.9367573
vn 0.2198943 -0.4281645 0.8765395
vn -0.08791596 -0.2964351 0.9509978
vn -0.8353445 0.5497203 0.002687097
vn -0.9304816 0.2855211 0.2295245
vn -0.9507771 0.3098608 0.003033996
vn -0.5385176 0.1088645 0.8355519
vn -0.5542779 -0.05897167 0.8302399
vn -0.3998332 -0.09819096 0.9113132
vn -0.3998332 -0.09819096 0.9113132
vn -0.5542779 -0.05897167 0.8302399
vn -0.1932636 -0.291779 0.9367573
vn 0.9439276 0.0694859 0.3227573
vn 0.9506755 -0.2077656 0.2303247
vn 0.8709645 -0.4501584 0.1969215
vn 0.9506755 -0.2077656 0.2303247
vn 0.9481111 0.1882891 0.2561885
vn 0.984763 -0.1738727 -0.003162682
vn 0.9481111 0.1882891 0.2561885
vn 0.9326084 0.3608773 -0.003019691
vn 0.984763 -0.1738727 -0.003162682
vn 0.9031447 0.1910498 0.384486
vn 0.6557791 0.697815 0.288111
vn 0.9481111 0.1882891 0.2561885
vn 0.8709645 -0.4501584 0.1969215
vn 0.9506755 -0.2077656 0.2303247
vn 0.7760563 -0.6158842 0.1357316
vn -0.252546 0.9675846 0.0007585883
vn -0.4545898 0.8749545 0.1667418
vn -0.5219296 0.8529869 0.001687765
vn -0.4545898 0.8749545 0.1667418
vn -0.4981438 0.8207084 0.2798042
vn -0.5683633 0.8181679 0.08697397
vn -0.4545898 0.8749545 0.1667418
vn -0.3628335 0.8970768 0.2522005
vn -0.4981438 0.8207084 0.2798042
vn -0.4545898 0.8749545 0.1667418
vn -0.252546 0.9675846 0.0007585883
vn -0.3628335 0.8970768 0.2522005
vn -0.3628335 0.8970768 0.2522005
vn 0.03687542 0.9401558 0.3387437
vn -0.2935872 0.8958498 0.3335561
vn -0.8353445 0.5497203 0.002687097
vn -0.9083236 0.3405566 0.2428361
vn -0.9304816 0.2855211 0.2295245
vn -0.5542779 -0.05897167 0.8302399
vn -0.626518 0.0001857533 0.7794069
vn -0.1932636 -0.291779 0.9367573
vn -0.5097545 0.2652366 0.8184131
vn -0.5542779 -0.05897167 0.8302399
vn -0.5385176 0.1088645 0.8355519
vn -0.1932636 -0.291779 0.9367573
vn 0.191933 -0.3935179 0.8990581
vn 0.2198943 -0.4281645 0.8765395
vn 0.0454094 -0.2121736 0.9761764
vn 0.09178556 -0.2790804 0.955871
vn 0.2198943 -0.4281645 0.8765395
vn 0.09178556 -0.2790804 0.955871
vn 0.1319675 0.2588518 0.9568596
vn 0.1420657 -0.3572061 0.9231582
vn -0.6314297 0.1856933 0.7528707
vn -0.5088174 0.2114521 0.8345016
vn -0.5097545 0.2652366 0.8184131
vn 0.02824784 0.7638633 0.6447595
vn 0.3121077 0.6487782 0.6940285
vn 0.1319675 0.2588518 0.9568596
vn 0.03687542 0.9401558 0.3387437
vn 0.6557791 0.697815 0.288111
vn 0.3121077 0.6487782 0.6940285
vn 0.3121077 0.6487782 0.6940285
vn 0.6557791 0.697815 0.288111
vn 0.4118083 0.4512275 0.7917118
vn 0.8709645 -0.4501584 0.1969215
vn 0.7760563 -0.6158842 0.1357316
vn 0.6094484 -0.7729855 0.1762561
vn 0.9835881 -0.1671599 0.06791151
vn 0.9664617 -0.2567922 -0.003084064
vn 0.9976464 -0.06849418 -0.003183544
vn -0.2611556 -0.8414792 0.4729804
vn 0.09547764 -0.6470879 0.7564134
vn 0.1977876 -0.6695503 0.7159486
vn 0.09547764 -0.6470879 0.7564134
vn 0.6285857 -0.4275873 0.6496531
vn 0.1977876 -0.6695503 0.7159486
vn 0.2827306 -0.6053271 0.7440716
vn 0.6285857 -0.4275873 0.6496531
vn 0.5781415 -0.3938445 0.71459
vn 0.1977876 -0.6695503 0.7159486
vn 0.6285857 -0.4275873 0.6496531
vn 0.2827306 -0.6053271 0.7440716
vn -0.4950711 -0.6973156 0.5183198
vn -0.2611556 -0.8414792 0.4729804
vn 0.2827306 -0.6053271 0.7440716
vn -0.2611556 -0.8414792 0.4729804
vn 0.1977876 -0.6695503 0.7159486
vn 0.2827306 -0.6053271 0.7440716
vn 0.6285857 -0.4275873 0.6496531
vn 0.9420506 -0.2889529 0.1704306
vn 0.5781415 -0.3938445 0.71459
vn -0.4536028 -0.8588176 0.2380693
vn -0.2611556 -0.8414792 0.4729804
vn -0.4950711 -0.6973156 0.5183198
vn -0.6290954 -0.777328 -0.0004287362
vn -0.4536028 -0.8588176 0.2380693
vn -0.4950711 -0.6973156 0.5183198
vn -0.5035174 -0.8639839 0.001390517
vn -0.4536028 -0.8588176 0.2380693
vn -0.6290954 -0.777328 -0.0004287362
vn 0.9420506 -0.2889529 0.1704306
vn 0.9664617 -0.2567922 -0.003084064
vn 0.9835881 -0.1671599 0.06791151
vn -0.7975693 -0.1390032 0.5869936
vn -0.8084501 -0.04664791 0.5867131
vn -0.8331453 0.001604111 0.5530518
vn -0.7975693 -0.1390032 0.5869936
vn -0.8129207 -0.08347667 0.5763605
vn -0.8084501 -0.04664791 0.5867131
vn 0.6457987 0.4310547 -0.6301871
vn 0.7685153 -0.2220324 -0.6000715
vn 0.9732081 0.007895597 -0.2297903
vn -0.8131877 -0.05535068 0.5793635
vn -0.8129207 -0.08347667 0.5763605
vn -0.5075313 -0.1732307 0.8440398
vn -0.8718346 0.01353064 0.4896135
vn -0.8331453 0.001604111 0.5530518
vn -0.8432714 0.07665326 0.5319939
vn -0.8331453 0.001604111 0.5530518
vn -0.8084501 -0.04664791 0.5867131
vn -0.8432714 0.07665326 0.5319939
vn 0.7453235 -0.5294431 -0.4051949
vn 0.7685153 -0.2220324 -0.6000715
vn 0.7306152 -0.3587244 -0.5809631
vn 0.7685153 -0.2220324 -0.6000715
vn 0.8167942 -0.2997613 -0.4929407
vn 0.7306152 -0.3587244 -0.5809631
vn -0.4052417 -0.03307674 0.9136109
vn -0.02822693 -0.1311457 0.9909611
vn 0.06300926 0.1696895 0.9834812
vn 0.9993926 -0.01996149 -0.02856296
vn 0.9732081 0.007895597 -0.2297903
vn 0.9329908 -0.3573329 -0.04291081
vn 0.9993926 -0.01996149 -0.02856296
vn 0.9489344 0.3040573 -0.08409882
vn 0.9732081 0.007895597 -0.2297903
vn 0.7254142 0.6143336 -0.310433
vn 0.9489344 0.3040573 -0.08409882
vn 0.8373798 0.5418057 -0.07239854
vn 0.06300926 0.1696895 0.9834812
vn 0.043759 0.3195198 0.9465687
vn 0.04472643 0.1609102 0.985955
vn 0.9329908 -0.3573329 -0.04291081
vn 0.7453235 -0.5294431 -0.4051949
vn 0.7919169 -0.5996416 -0.1153148
vn 0.7854627 -0.5030839 0.3604925
vn 0.8618878 -0.5070912 -0.002803206
vn 0.899241 -0.317949 0.3004566
vn -0.9304816 0.2855211 0.2295245
vn -0.7963429 0.3069759 0.5211561
vn -0.9387652 0.2340398 0.2528738
vn 0.0463514 -0.8591108 0.5096863
vn -0.01093066 -0.8865834 0.4624395
vn 0.07307137 -0.8476098 0.5255648
vn 0.0463514 -0.8591108 0.5096863
vn -0.3142889 -0.8797576 0.3567198
vn -0.01093066 -0.8865834 0.4624395
vn -0.605141 0.3323666 0.7234202
vn -0.8153521 0.0584119 0.5760112
vn -0.8260056 -0.1914226 0.5301624
vn -0.605141 0.3323666 0.7234202
vn -0.8585109 0.2308307 0.457904
vn -0.8153521 0.0584119 0.5760112
vn -0.8153521 0.0584119 0.5760112
vn -0.8585109 0.2308307 0.457904
vn -0.7508724 0.01505051 0.6602756
vn -0.8153521 0.0584119 0.5760112
vn -0.7508724 0.01505051 0.6602756
vn -0.8260056 -0.1914226 0.5301624
vn -0.7455823 0.2213939 0.6285631
vn -0.6400691 0.1026807 0.7614251
vn -0.8510328 -0.1267956 0.5095744
vn -0.7455823 0.2213939 0.6285631
vn -0.4810185 0.4129804 0.7733488
vn -0.6400691 0.1026807 0.7614251
vn -0.7455823 0.2213939 0.6285631
vn -0.542747 0.5731305 0.6139602
vn -0.4810185 0.4129804 0.7733488
vn -0.9377772 0.2943604 0.1841896
vn -0.8585109 0.2308307 0.457904
vn -0.605141 0.3323666 0.7234202
vn -0.4641559 0.623135 0.6294935
vn -0.4965275 0.5915244 0.6352632
vn -0.605141 0.3323666 0.7234202
vn -0.4641559 0.623135 0.6294935
vn -0.605141 0.3323666 0.7234202
vn -0.4810185 0.4129804 0.7733488
vn -0.542747 0.5731305 0.6139602
vn -0.4641559 0.623135 0.6294935
vn -0.4810185 0.4129804 0.7733488
vn -0.3457277 0.1775543 0.921383
vn -0.605141 0.3323666 0.7234202
vn -0.8260056 -0.1914226 0.5301624
vn -0.4810185 0.4129804 0.7733488
vn -0.3457277 0.1775543 0.921383
vn -0.6400691 0.1026807 0.7614251
vn -0.4810185 0.4129804 0.7733488
vn -0.605141 0.3323666 0.7234202
vn -0.3457277 0.1775543 0.921383
vn -0.2347973 -0.8762424 0.4207963
vn -0.2347973 -0.8762424 0.4207963
vn 0.07307137 -0.8476098 0.5255648
vn 0.1542008 -0.7921683 0.5905011
vn 0.0463514 -0.8591108 0.5096863
vn 0.07307137 -0.8476098 0.5255648
vn -0.7212995 -0.6926202 0.002037525
vn -0.7116585 -0.6507612 0.2646736
vn -0.5035174 -0.8639839 0.001390517
vn -0.5035174 -0.8639839 0.001390517
vn -0.7116585 -0.6507612 0.2646736
vn -0.4536028 -0.8588176 0.2380693
vn -0.4536028 -0.8588176 0.2380693
vn -0.6577002 -0.592296 0.4654202
vn -0.2611556 -0.8414792 0.4729804
vn -0.7116585 -0.6507612 0.2646736
vn -0.6577002 -0.592296 0.4654202
vn -0.4536028 -0.8588176 0.2380693
vn -0.8260056 -0.1914226 0.5301624
vn -0.6577002 -0.592296 0.4654202
vn -0.7116585 -0.6507612 0.2646736
vn -0.8260056 -0.1914226 0.5301624
vn -0.7508724 0.01505051 0.6602756
vn -0.6577002 -0.592296 0.4654202
vn -0.864612 -0.502434 0.002505898
vn -0.7116585 -0.6507612 0.2646736
vn -0.7212995 -0.6926202 0.002037525
vn -0.864612 -0.502434 0.002505898
vn -0.8260056 -0.1914226 0.5301624
vn -0.7116585 -0.6507612 0.2646736
vn -0.8585109 0.2308307 0.457904
vn -0.6911836 0.1989618 0.694751
vn -0.7508724 0.01505051 0.6602756
vn -0.9387652 0.2340398 0.2528738
vn -0.8313515 0.1557102 0.5334875
vn -0.8585109 0.2308307 0.457904
vn -0.8585109 0.2308307 0.457904
vn -0.8313515 0.1557102 0.5334875
vn -0.6911836 0.1989618 0.694751
vn -0.9377772 0.2943604 0.1841896
vn -0.9387652 0.2340398 0.2528738
vn -0.8585109 0.2308307 0.457904
vn -0.9809428 0.1942729 0.003043532
vn -0.9387652 0.2340398 0.2528738
vn -0.9377772 0.2943604 0.1841896
vn -0.9809428 0.1942729 0.003043532
vn -0.9304816 0.2855211 0.2295245
vn -0.9387652 0.2340398 0.2528738
vn -0.9387652 0.2340398 0.2528738
vn -0.7963429 0.3069759 0.5211561
vn -0.8313515 0.1557102 0.5334875
vn 0.9492478 -0.3145138 -0.003102958
vn 0.9664617 -0.2567922 -0.003084064
vn 0.9420506 -0.2889529 0.1704306
vn 0.899241 -0.317949 0.3004566
vn 0.8618878 -0.5070912 -0.002803206
vn 0.9492478 -0.3145138 -0.003102958
vn -0.6577002 -0.592296 0.4654202
vn 0.09547764 -0.6470879 0.7564134
vn -0.2611556 -0.8414792 0.4729804
vn -0.7508724 0.01505051 0.6602756
vn -0.3611672 -0.1727203 0.9163656
vn -0.6577002 -0.592296 0.4654202
vn -0.7508724 0.01505051 0.6602756
vn -0.5680017 0.1401528 0.8110064
vn -0.3611672 -0.1727203 0.9163656
vn -0.7508724 0.01505051 0.6602756
vn -0.6911836 0.1989618 0.694751
vn -0.5680017 0.1401528 0.8110064
vn -0.6911836 0.1989618 0.694751
vn -0.4052417 -0.03307674 0.9136109
vn -0.5680017 0.1401528 0.8110064
vn -0.8313515 0.1557102 0.5334875
vn -0.6638769 0.219839 0.7147994
vn -0.4052417 -0.03307674 0.9136109
vn -0.6911836 0.1989618 0.694751
vn -0.8313515 0.1557102 0.5334875
vn -0.4052417 -0.03307674 0.9136109
vn -0.7963429 0.3069759 0.5211561
vn -0.6638769 0.219839 0.7147994
vn -0.8313515 0.1557102 0.5334875
vn 0.09547764 -0.6470879 0.7564134
vn 0.5624979 -0.4218114 0.7111056
vn 0.6285857 -0.4275873 0.6496531
vn 0.06300926 0.1696895 0.9834812
vn 0.04472643 0.1609102 0.985955
vn -0.3611672 -0.1727203 0.9163656
vn 0.4861271 0.1402782 0.8625557
vn 0.4861271 0.1402782 0.8625557
vn 0.4861271 0.1402782 0.8625557
vn 0.5346538 0.5911599 0.6038834
vn 0.6649875 0.6008314 0.4436139
vn 0.678463 0.3111379 0.6654931
vn 0.5346538 0.5911599 0.6038834
vn 0.5622589 0.6417802 0.52152
vn 0.6649875 0.6008314 0.4436139
vn 0.9409704 -0.2888512 -0.176464
vn 0.8972956 -0.3179169 -0.3062509
vn 0.6241595 -0.4277617 -0.6537926
vn 0.8972956 -0.3179169 -0.3062509
vn 0.9409704 -0.2888512 -0.176464
vn 0.9492478 -0.3145138 -0.003102958
vn 0.756954 -0.3570468 -0.5473009
vn 0.5567869 -0.2891763 -0.7786947
vn 0.6241595 -0.4277617 -0.6537926
vn 0.5567869 -0.2891763 -0.7786947
vn 0.756954 -0.3570468 -0.5473009
vn 0.7830493 -0.5032482 -0.3654793
vn 0.756954 -0.3570468 -0.5473009
vn 0.8972956 -0.3179169 -0.3062509
vn 0.7830493 -0.5032482 -0.3654793
vn 0.8972956 -0.3179169 -0.3062509
vn 0.756954 -0.3570468 -0.5473009
vn 0.6241595 -0.4277617 -0.6537926
vn -0.5254858 0.1510118 -0.8372933
vn -0.6289902 0.4519626 -0.6325353
vn -0.6693933 0.5341781 -0.5163006
vn -0.6289902 0.4519626 -0.6325353
vn -0.5254858 0.1510118 -0.8372933
vn -0.4244088 0.01064263 -0.9054081
vn -0.6693933 0.5341781 -0.5163006
vn -0.6289902 0.4519626 -0.6325353
vn -0.7982143 0.490269 -0.3499861
vn 0.1258579 0.2588517 -0.9576823
vn -0.07823995 0.2027114 -0.9761078
vn 0.08500326 -0.2796417 -0.9563341
vn -0.07823995 0.2027114 -0.9761078
vn 0.1258579 0.2588517 -0.9576823
vn -0.01723908 0.4861714 -0.8736933
vn 0.04549856 0.02989201 -0.9985171
vn -0.4244088 0.01064263 -0.9054081
vn 0.08500326 -0.2796417 -0.9563341
vn -0.01796869 0.8505172 -0.5256402
vn 0.03467568 0.940165 -0.3389501
vn -0.2956388 0.895982 -0.3313818
vn 0.03467568 0.940165 -0.3389501
vn -0.01796869 0.8505172 -0.5256402
vn 0.3076721 0.6487781 -0.6960062
vn -0.5148553 0.264693 -0.8153905
vn -0.3406696 0.120811 -0.9323889
vn -0.3737001 0.03215663 -0.9269919
vn -0.3406696 0.120811 -0.9323889
vn -0.5148553 0.264693 -0.8153905
vn -0.5254858 0.1510118 -0.8372933
vn -0.08092482 -0.2673911 -0.9601839
vn -0.1854547 -0.2110468 -0.9597216
vn -0.3509238 -0.05659851 -0.934692
vn -0.1854547 -0.2110468 -0.9597216
vn -0.08092482 -0.2673911 -0.9601839
vn -0.177328 -0.2935544 -0.9393511
vn -0.01660163 -0.01686726 -0.9997199
vn -0.08092482 -0.2673911 -0.9601839
vn -0.3509238 -0.05659851 -0.934692
vn -0.08092482 -0.2673911 -0.9601839
vn -0.01660163 -0.01686726 -0.9997199
vn -0.6110076 -0.1653891 -0.774155
vn -0.08092482 -0.2673911 -0.9601839
vn -0.6110076 -0.1653891 -0.774155
vn -0.177328 -0.2935544 -0.9393511
vn -0.6919519 -0.1523224 -0.7056915
vn -0.177328 -0.2935544 -0.9393511
vn -0.6110076 -0.1653891 -0.774155
vn -0.8168687 -0.05535064 -0.5741618
vn -0.6919519 -0.1523224 -0.7056915
vn -0.6110076 -0.1653891 -0.774155
vn -0.3582488 0.5768049 0.7341349
vn -0.3582488 0.5768049 0.7341349
vn -0.3582488 0.5768049 0.7341349
vn -0.5148553 0.264693 -0.8153905
vn -0.7637895 0.2246834 -0.6050974
vn -0.7997825 0.306181 -0.5163341
vn -0.5148553 0.264693 -0.8153905
vn -0.6682657 0.2199298 -0.7106701
vn -0.5435996 0.1084799 -0.832305
vn -0.5435996 0.1084799 -0.832305
vn -0.6682657 0.2199298 -0.7106701
vn -0.4172841 -0.03003073 -0.9082798
vn -0.5148553 0.264693 -0.8153905
vn -0.7997825 0.306181 -0.5163341
vn -0.6682657 0.2199298 -0.7106701
vn -0.1854547 -0.2110468 -0.9597216
vn -0.4172841 -0.03003073 -0.9082798
vn -0.3509238 -0.05659851 -0.934692
vn -0.4172841 -0.03003073 -0.9082798
vn -0.6682657 0.2199298 -0.7106701
vn -0.3509238 -0.05659851 -0.934692
vn 0.8401762 0.3154193 -0.4411513
vn 0.9418485 0.06948593 -0.328775
vn 0.9492233 -0.2076421 -0.2363465
vn 0.9464687 0.1883737 -0.2621305
vn 0.8401762 0.3154193 -0.4411513
vn 0.9492233 -0.2076421 -0.2363465
vn 0.2768164 0.9609224 -0.0008833408
vn 0.03467568 0.940165 -0.3389501
vn 0.6539925 0.6977575 -0.2922811
vn 0.6766452 0.7363061 -0.002159238
vn 0.2768164 0.9609224 -0.0008833408
vn 0.6539925 0.6977575 -0.2922811
vn 0.984763 -0.1738727 -0.003162682
vn 0.9492233 -0.2076421 -0.2363465
vn 0.840031 -0.5425317 -0.00271821
vn 0.9492233 -0.2076421 -0.2363465
vn 0.7751878 -0.6158578 -0.140723
vn 0.840031 -0.5425317 -0.00271821
vn 0.840031 -0.5425317 -0.00271821
vn 0.7751878 -0.6158578 -0.140723
vn 0.8618878 -0.5070912 -0.002803206
vn 0.7751878 -0.6158578 -0.140723
vn 0.7830493 -0.5032482 -0.3654793
vn 0.8618878 -0.5070912 -0.002803206
vn 0.7751878 -0.6158578 -0.140723
vn 0.6632782 -0.7179807 -0.2111059
vn 0.7830493 -0.5032482 -0.3654793
vn 0.1544444 -0.5113162 -0.8454008
vn 0.08500326 -0.2796417 -0.9563341
vn 0.2147574 -0.4281016 -0.8778429
vn 0.1267952 -0.5725167 -0.8100293
vn 0.08500326 -0.2796417 -0.9563341
vn 0.1544444 -0.5113162 -0.8454008
vn 0.1544444 -0.5113162 -0.8454008
vn 0.2147574 -0.4281016 -0.8778429
vn 0.1441181 -0.5737538 -0.8062485
vn 0.314939 0.3360526 -0.8876272
vn 0.1258579 0.2588517 -0.9576823
vn 0.2326376 0.118046 -0.9653729
vn 0.314939 0.3360526 -0.8876272
vn 0.3076721 0.6487781 -0.6960062
vn 0.1258579 0.2588517 -0.9576823
vn 0.9326084 0.3608773 -0.003019691
vn 0.6539925 0.6977575 -0.2922811
vn 0.9464687 0.1883737 -0.2621305
vn 0.6766452 0.7363061 -0.002159238
vn 0.6539925 0.6977575 -0.2922811
vn 0.9326084 0.3608773 -0.003019691
vn 0.03467568 0.940165 -0.3389501
vn -0.252546 0.9675846 0.0007585883
vn -0.3642999 0.8971477 -0.2498229
vn 0.2768164 0.9609224 -0.0008833408
vn -0.252546 0.9675846 0.0007585883
vn 0.03467568 0.940165 -0.3389501
vn -0.5219296 0.8529869 0.001687765
vn -0.8353445 0.5497203 0.002687097
vn -0.6744233 0.7353663 -0.0662536
vn -0.4556355 0.8749476 -0.1638991
vn -0.5219296 0.8529869 0.001687765
vn -0.6744233 0.7353663 -0.0662536
vn -0.3805477 0.2324826 -0.8950616
vn -0.5148553 0.264693 -0.8153905
vn -0.3737001 0.03215663 -0.9269919
vn -0.2956388 0.895982 -0.3313818
vn -0.3642999 0.8971477 -0.2498229
vn -0.4997981 0.8208439 -0.2764365
vn -0.9319352 0.2853001 -0.2238319
vn -0.9507771 0.3098608 0.003033996
vn -0.9809428 0.1942729 0.003043532
vn -0.4062375 -0.09861203 -0.908431
vn -0.4172841 -0.03003073 -0.9082798
vn -0.1854547 -0.2110468 -0.9597216
vn -0.5435996 0.1084799 -0.832305
vn -0.4172841 -0.03003073 -0.9082798
vn -0.4062375 -0.09861203 -0.908431
vn -0.1981185 -0.2920974 -0.9356431
vn -0.1854547 -0.2110468 -0.9597216
vn -0.177328 -0.2935544 -0.9393511
vn -0.1981185 -0.2920974 -0.9356431
vn -0.4062375 -0.09861203 -0.908431
vn -0.1854547 -0.2110468 -0.9597216
vn 0.1441181 -0.5737538 -0.8062485
vn 0.2849246 -0.5164838 -0.8075039
vn 0.1329951 -0.6374476 -0.7589288
vn 0.1441181 -0.5737538 -0.8062485
vn 0.2147574 -0.4281016 -0.8778429
vn 0.2849246 -0.5164838 -0.8075039
vn -0.7637895 0.2246834 -0.6050974
vn -0.8553829 0.2543536 -0.4512476
vn -0.9319352 0.2853001 -0.2238319
vn -0.7997825 0.306181 -0.5163341
vn -0.7637895 0.2246834 -0.6050974
vn -0.9319352 0.2853001 -0.2238319
vn 0.2147574 -0.4281016 -0.8778429
vn 0.4021108 -0.2747341 -0.8734002
vn 0.2849246 -0.5164838 -0.8075039
vn 0.2147574 -0.4281016 -0.8778429
vn -0.1981185 -0.2920974 -0.9356431
vn 0.4021108 -0.2747341 -0.8734002
vn -0.9319352 0.2853001 -0.2238319
vn -0.8353445 0.5497203 0.002687097
vn -0.9507771 0.3098608 0.003033996
vn -0.5254858 0.1510118 -0.8372933
vn -0.5435996 0.1084799 -0.832305
vn -0.4062375 -0.09861203 -0.908431
vn -0.5254858 0.1510118 -0.8372933
vn -0.4062375 -0.09861203 -0.908431
vn -0.1981185 -0.2920974 -0.9356431
vn 0.9492233 -0.2076421 -0.2363465
vn 0.9418485 0.06948593 -0.328775
vn 0.946521 -0.2528486 -0.2004133
vn 0.9464687 0.1883737 -0.2621305
vn 0.9492233 -0.2076421 -0.2363465
vn 0.984763 -0.1738727 -0.003162682
vn 0.9326084 0.3608773 -0.003019691
vn 0.9464687 0.1883737 -0.2621305
vn 0.984763 -0.1738727 -0.003162682
vn 0.6539925 0.6977575 -0.2922811
vn 0.8401762 0.3154193 -0.4411513
vn 0.9464687 0.1883737 -0.2621305
vn 0.9492233 -0.2076421 -0.2363465
vn 0.946521 -0.2528486 -0.2004133
vn 0.7751878 -0.6158578 -0.140723
vn -0.4556355 0.8749476 -0.1638991
vn -0.252546 0.9675846 0.0007585883
vn -0.5219296 0.8529869 0.001687765
vn -0.4997981 0.8208439 -0.2764365
vn -0.4556355 0.8749476 -0.1638991
vn -0.6744233 0.7353663 -0.0662536
vn -0.3642999 0.8971477 -0.2498229
vn -0.4556355 0.8749476 -0.1638991
vn -0.4997981 0.8208439 -0.2764365
vn -0.252546 0.9675846 0.0007585883
vn -0.4556355 0.8749476 -0.1638991
vn -0.3642999 0.8971477 -0.2498229
vn 0.03467568 0.940165 -0.3389501
vn -0.3642999 0.8971477 -0.2498229
vn -0.2956388 0.895982 -0.3313818
vn -0.6744233 0.7353663 -0.0662536
vn -0.8353445 0.5497203 0.002687097
vn -0.9319352 0.2853001 -0.2238319
vn -0.4244088 0.01064263 -0.9054081
vn -0.5254858 0.1510118 -0.8372933
vn -0.1981185 -0.2920974 -0.9356431
vn -0.5254858 0.1510118 -0.8372933
vn -0.5148553 0.264693 -0.8153905
vn -0.5435996 0.1084799 -0.832305
vn 0.1087977 -0.4196159 -0.9011579
vn -0.1981185 -0.2920974 -0.9356431
vn 0.2147574 -0.4281016 -0.8778429
vn 0.08500326 -0.2796417 -0.9563341
vn 0.1087977 -0.4196159 -0.9011579
vn 0.2147574 -0.4281016 -0.8778429
vn 0.1258579 0.2588517 -0.9576823
vn 0.08500326 -0.2796417 -0.9563341
vn 0.2326376 0.118046 -0.9653729
vn -0.6362216 0.1856934 -0.7488257
vn -0.7637895 0.2246834 -0.6050974
vn -0.5148553 0.264693 -0.8153905
vn 0.3076721 0.6487781 -0.6960062
vn -0.01723908 0.4861714 -0.8736933
vn 0.1258579 0.2588517 -0.9576823
vn 0.6539925 0.6977575 -0.2922811
vn 0.03467568 0.940165 -0.3389501
vn 0.3076721 0.6487781 -0.6960062
vn 0.6539925 0.6977575 -0.2922811
vn 0.3076721 0.6487781 -0.6960062
vn 0.8401762 0.3154193 -0.4411513
vn 0.7751878 -0.6158578 -0.140723
vn 0.6081398 -0.7731424 -0.1800472
vn 0.6632782 -0.7179807 -0.2111059
vn 0.9664617 -0.2567922 -0.003084064
vn 0.9664626 -0.2052298 -0.1543721
vn 0.9976464 -0.06849418 -0.003183544
vn -0.4026592 -0.5195388 -0.7536212
vn -0.2638307 -0.8414307 -0.4715799
vn 0.1932537 -0.6697676 -0.7169828
vn 0.6241595 -0.4277617 -0.6537926
vn 0.28431 -0.3287639 -0.9006009
vn 0.1932537 -0.6697676 -0.7169828
vn 0.6241595 -0.4277617 -0.6537926
vn 0.1791341 -0.615069 -0.7678549
vn 0.4049096 -0.4484493 -0.796832
vn 0.6241595 -0.4277617 -0.6537926
vn 0.1932537 -0.6697676 -0.7169828
vn 0.1791341 -0.615069 -0.7678549
vn -0.2638307 -0.8414307 -0.4715799
vn -0.4823651 -0.7128228 -0.5091243
vn 0.1791341 -0.615069 -0.7678549
vn 0.1932537 -0.6697676 -0.7169828
vn -0.2638307 -0.8414307 -0.4715799
vn 0.1791341 -0.615069 -0.7678549
vn 0.9409704 -0.2888512 -0.176464
vn 0.6241595 -0.4277617 -0.6537926
vn 0.9664626 -0.2052298 -0.1543721
vn -0.2638307 -0.8414307 -0.4715799
vn -0.4551967 -0.8582883 -0.2369327
vn -0.4823651 -0.7128228 -0.5091243
vn -0.4551967 -0.8582883 -0.2369327
vn -0.6290954 -0.777328 -0.0004287362
vn -0.4823651 -0.7128228 -0.5091243
vn -0.4551967 -0.8582883 -0.2369327
vn -0.5035174 -0.8639839 0.001390517
vn -0.6290954 -0.777328 -0.0004287362
vn 0.9664617 -0.2567922 -0.003084064
vn 0.9409704 -0.2888512 -0.176464
vn 0.9664626 -0.2052298 -0.1543721
vn -0.8122894 -0.04735833 -0.5813287
vn -0.6110076 -0.1653891 -0.774155
vn -0.8367903 0.0008955409 -0.5475227
vn -0.8165827 -0.08347677 -0.5711605
vn -0.6110076 -0.1653891 -0.774155
vn -0.8122894 -0.04735833 -0.5813287
vn 0.678463 0.3111379 0.6654931
vn 0.9336804 0.05599219 0.353703
vn 0.9261521 -0.2168502 0.3085743
vn -0.8165827 -0.08347677 -0.5711605
vn -0.8168687 -0.05535064 -0.5741618
vn -0.6110076 -0.1653891 -0.774155
vn -0.8367903 0.0008955409 -0.5475227
vn -0.8749417 0.01353087 -0.4840393
vn -0.8467661 0.0764178 -0.5264481
vn -0.8122894 -0.04735833 -0.5813287
vn -0.8367903 0.0008955409 -0.5475227
vn -0.8467661 0.0764178 -0.5264481
vn 0.7342558 -0.358336 0.5765966
vn 0.9261521 -0.2168502 0.3085743
vn 0.7784659 -0.4536375 0.4338244
vn 0.8200819 -0.2992789 0.4877477
vn 0.7342558 -0.358336 0.5765966
vn 0.7784659 -0.4536375 0.4338244
vn -0.01660163 -0.01686726 -0.9997199
vn -0.3509238 -0.05659851 -0.934692
vn 0.06563938 0.2533216 -0.9651526
vn 0.9261521 -0.2168502 0.3085743
vn 0.9838739 0.1746398 0.03863966
vn 0.9955992 -0.08503819 -0.03938091
vn 0.9336804 0.05599219 0.353703
vn 0.9838739 0.1746398 0.03863966
vn 0.9261521 -0.2168502 0.3085743
vn 0.6649875 0.6008314 0.4436139
vn 0.837787 0.5418761 0.06695682
vn 0.9838739 0.1746398 0.03863966
vn -0.01660163 -0.01686726 -0.9997199
vn 0.06563938 0.2533216 -0.9651526
vn 0.03843195 0.1617432 -0.9860842
vn 0.9261521 -0.2168502 0.3085743
vn 0.792643 -0.5996728 0.1100442
vn 0.7784659 -0.4536375 0.4338244
vn 0.8618878 -0.5070912 -0.002803206
vn 0.7830493 -0.5032482 -0.3654793
vn 0.8972956 -0.3179169 -0.3062509
vn -0.7997825 0.306181 -0.5163341
vn -0.9319352 0.2853001 -0.2238319
vn -0.940345 0.2339616 -0.2470084
vn -0.01348955 -0.886533 -0.4624687
vn -0.01348955 -0.886533 -0.4624687
vn 0.2203458 -0.7994179 -0.5589086
vn -0.6053782 -0.7018246 -0.3754457
vn -0.01348955 -0.886533 -0.4624687
vn -0.01348955 -0.886533 -0.4624687
vn -0.8188906 0.05840613 -0.5709702
vn -0.6094679 0.33236 -0.7197817
vn -0.8681836 -0.2156281 -0.4469471
vn -0.8613694 0.2310674 -0.4523833
vn -0.6094679 0.33236 -0.7197817
vn -0.8188906 0.05840613 -0.5709702
vn -0.8613694 0.2310674 -0.4523833
vn -0.8188906 0.05840613 -0.5709702
vn -0.7551216 0.01504359 -0.6554119
vn -0.7551216 0.01504359 -0.6554119
vn -0.8188906 0.05840613 -0.5709702
vn -0.8681836 -0.2156281 -0.4469471
vn -0.6448795 0.1014132 -0.7575262
vn -0.7493683 0.2208425 -0.6242401
vn -0.8537214 -0.1267139 -0.5050775
vn -0.4861929 0.4123997 -0.7704173
vn -0.7493683 0.2208425 -0.6242401
vn -0.6448795 0.1014132 -0.7575262
vn -0.5466542 0.5731305 -0.6104838
vn -0.7493683 0.2208425 -0.6242401
vn -0.4861929 0.4123997 -0.7704173
vn -0.8613694 0.2310674 -0.4523833
vn -0.8696446 0.3869841 -0.3065314
vn -0.6094679 0.33236 -0.7197817
vn -0.8696446 0.3869841 -0.3065314
vn -0.4733343 0.6156057 -0.6300669
vn -0.6094679 0.33236 -0.7197817
vn -0.6094679 0.33236 -0.7197817
vn -0.4733343 0.6156057 -0.6300669
vn -0.4861929 0.4123997 -0.7704173
vn -0.4576955 0.6380042 -0.6192459
vn -0.5466542 0.5731305 -0.6104838
vn -0.4861929 0.4123997 -0.7704173
vn -0.6094679 0.33236 -0.7197817
vn -0.3513504 0.1768119 -0.9193968
vn -0.4637659 0.2009176 -0.862875
vn -0.3513504 0.1768119 -0.9193968
vn -0.4861929 0.4123997 -0.7704173
vn -0.6448795 0.1014132 -0.7575262
vn -0.6094679 0.33236 -0.7197817
vn -0.4861929 0.4123997 -0.7704173
vn -0.3513504 0.1768119 -0.9193968
vn -0.04520663 -0.8540049 -0.5182972
vn -0.2373763 -0.8758547 -0.4201561
vn -0.2373763 -0.8758547 -0.4201561
vn 0.1490896 -0.7919842 -0.5920585
vn -0.04520663 -0.8540049 -0.5182972
vn 0.2203458 -0.7994179 -0.5589086
vn -0.7133324 -0.6506616 -0.2603773
vn -0.7212995 -0.6926202 0.002037525
vn -0.5035174 -0.8639839 0.001390517
vn -0.7133324 -0.6506616 -0.2603773
vn -0.5035174 -0.8639839 0.001390517
vn -0.4551967 -0.8582883 -0.2369327
vn -0.6609255 -0.5921486 -0.4610179
vn -0.4551967 -0.8582883 -0.2369327
vn -0.2638307 -0.8414307 -0.4715799
vn -0.6609255 -0.5921486 -0.4610179
vn -0.7133324 -0.6506616 -0.2603773
vn -0.4551967 -0.8582883 -0.2369327
vn -0.6609255 -0.5921486 -0.4610179
vn -0.8681836 -0.2156281 -0.4469471
vn -0.7133324 -0.6506616 -0.2603773
vn -0.7551216 0.01504359 -0.6554119
vn -0.8681836 -0.2156281 -0.4469471
vn -0.6609255 -0.5921486 -0.4610179
vn -0.7133324 -0.6506616 -0.2603773
vn -0.864612 -0.502434 0.002505898
vn -0.7212995 -0.6926202 0.002037525
vn -0.6053782 -0.7018246 -0.3754457
vn -0.864612 -0.502434 0.002505898
vn -0.7133324 -0.6506616 -0.2603773
vn -0.6958911 0.198444 -0.690185
vn -0.8613694 0.2310674 -0.4523833
vn -0.7551216 0.01504359 -0.6554119
vn -0.8348922 0.155853 -0.5278872
vn -0.940345 0.2339616 -0.2470084
vn -0.8613694 0.2310674 -0.4523833
vn -0.8348922 0.155853 -0.5278872
vn -0.8613694 0.2310674 -0.4523833
vn -0.6958911 0.198444 -0.690185
vn -0.940345 0.2339616 -0.2470084
vn -0.8696446 0.3869841 -0.3065314
vn -0.8613694 0.2310674 -0.4523833
vn -0.940345 0.2339616 -0.2470084
vn -0.9809428 0.1942729 0.003043532
vn -0.8696446 0.3869841 -0.3065314
vn -0.9319352 0.2853001 -0.2238319
vn -0.9809428 0.1942729 0.003043532
vn -0.940345 0.2339616 -0.2470084
vn -0.7997825 0.306181 -0.5163341
vn -0.940345 0.2339616 -0.2470084
vn -0.8348922 0.155853 -0.5278872
vn 0.9664617 -0.2567922 -0.003084064
vn 0.9492478 -0.3145138 -0.003102958
vn 0.9409704 -0.2888512 -0.176464
vn 0.8618878 -0.5070912 -0.002803206
vn 0.8972956 -0.3179169 -0.3062509
vn 0.9492478 -0.3145138 -0.003102958
vn -0.4026592 -0.5195388 -0.7536212
vn -0.6609255 -0.5921486 -0.4610179
vn -0.2638307 -0.8414307 -0.4715799
vn -0.4026592 -0.5195388 -0.7536212
vn -0.7551216 0.01504359 -0.6554119
vn -0.6609255 -0.5921486 -0.4610179
vn -0.4329667 0.1082577 -0.8948855
vn -0.7551216 0.01504359 -0.6554119
vn -0.4026592 -0.5195388 -0.7536212
vn -0.6958911 0.198444 -0.690185
vn -0.7551216 0.01504359 -0.6554119
vn -0.4329667 0.1082577 -0.8948855
vn -0.7466748 0.1254423 -0.6532542
vn -0.6958911 0.198444 -0.690185
vn -0.4329667 0.1082577 -0.8948855
vn -0.6682657 0.2199298 -0.7106701
vn -0.8348922 0.155853 -0.5278872
vn -0.3509238 -0.05659851 -0.934692
vn -0.8348922 0.155853 -0.5278872
vn -0.6958911 0.198444 -0.690185
vn -0.3509238 -0.05659851 -0.934692
vn -0.6682657 0.2199298 -0.7106701
vn -0.7997825 0.306181 -0.5163341
vn -0.8348922 0.155853 -0.5278872
vn 0.5567869 -0.2891763 -0.7786947
vn 0.28431 -0.3287639 -0.9006009
vn 0.6241595 -0.4277617 -0.6537926
vn 0.03843195 0.1617432 -0.9860842
vn -0.4329667 0.1082577 -0.8948855
vn 0.28431 -0.3287639 -0.9006009
vn 0.4804202 0.1394612 -0.8658793
vn 0.4804202 0.1394612 -0.8658793
vn 0.5567869 -0.2891763 -0.7786947
vn 0.9835881 -0.1671599 0.06791151
vn 0.9976464 -0.06849418 -0.003183544
vn 0.9922829 -0.1239901 -0.001110792
vn -0.6290954 -0.777328 -0.0004287362
vn -0.4950711 -0.6973156 0.5183198
vn -0.7796257 -0.5070813 0.3674947
vn -0.6290954 -0.777328 -0.0004287362
vn -0.7796257 -0.5070813 0.3674947
vn -0.8030819 -0.5267458 0.2785647
vn -0.4950711 -0.6973156 0.5183198
vn -0.577997 -0.4495614 0.6810389
vn -0.7796257 -0.5070813 0.3674947
vn -0.4950711 -0.6973156 0.5183198
vn -0.3836429 -0.3798615 0.8417382
vn -0.577997 -0.4495614 0.6810389
vn -0.4950711 -0.6973156 0.5183198
vn -0.40537 -0.4001935 0.8219004
vn -0.3836429 -0.3798615 0.8417382
vn 0.2827306 -0.6053271 0.7440716
vn 0.5781415 -0.3938445 0.71459
vn 0.6410841 -0.2494619 0.725796
vn 0.2827306 -0.6053271 0.7440716
vn 0.6410841 -0.2494619 0.725796
vn 0.5101164 -0.1918813 0.8384287
vn 0.9835881 -0.1671599 0.06791151
vn 0.9922829 -0.1239901 -0.001110792
vn 0.6410841 -0.2494619 0.725796
vn 0.9976464 -0.06849418 -0.003183544
vn 0.9664626 -0.2052298 -0.1543721
vn 0.9922829 -0.1239901 -0.001110792
vn -0.4823651 -0.7128228 -0.5091243
vn -0.6290954 -0.777328 -0.0004287362
vn -0.781176 -0.5311686 -0.3280607
vn -0.781176 -0.5311686 -0.3280607
vn -0.6290954 -0.777328 -0.0004287362
vn -0.792327 -0.5475602 -0.2690644
vn 0.9922829 -0.1239901 -0.001110792
vn 0.9664626 -0.2052298 -0.1543721
vn 0.6347837 -0.3000911 -0.7120357
vn -0.7327874 -0.5235479 -0.4346493
vn -0.4823651 -0.7128228 -0.5091243
vn -0.7327874 -0.5235479 -0.4346493
vn -0.3703597 -0.4276097 -0.8246111
vn -0.4823651 -0.7128228 -0.5091243
vn -0.3443075 -0.4048489 -0.8470831
vn 0.1791341 -0.615069 -0.7678549
vn -0.4823651 -0.7128228 -0.5091243
vn -0.3703597 -0.4276097 -0.8246111
vn 0.4049096 -0.4484493 -0.796832
vn 0.1791341 -0.615069 -0.7678549
vn 0.6347837 -0.3000911 -0.7120357
vn 0.6347837 -0.3000911 -0.7120357
vn 0.1791341 -0.615069 -0.7678549
vn 0.5178204 -0.2420539 -0.8205315
vt 0.1835 0.3716
vt 0.1822 0.3629
vt 0.1679 0.3839
vt 0.1886 0.3618
vt 0.1822 0.3629
vt 0.1835 0.3716
vt 0.5782 0.5082
vt 0.5842 0.5377
vt 0.5707 0.5342
vt 0.5842 0.5377
vt 0.5782 0.5082
vt 0.5968 0.5153
vt 0.5368 0.4992
vt 0.5618 0.5054
vt 0.5707 0.5342
vt 0.5618 0.5054
vt 0.5368 0.4992
vt 0.5583 0.4837
vt 0.5782 0.5082
vt 0.5618 0.5054
vt 0.5583 0.4837
vt 0.5618 0.5054
vt 0.5782 0.5082
vt 0.5707 0.5342
vt 0.2726 0.0655
vt 0.2808 0.062
vt 0.2851 0.0675
vt 0.2808 0.062
vt 0.2726 0.0655
vt 0.272 0.0643
vt 0.2726 0.0655
vt 0.2851 0.0675
vt 0.2832 0.0682
vt 0.2726 0.0655
vt 0.2722 0.0706
vt 0.2728 0.068
vt 0.2722 0.0706
vt 0.2726 0.0655
vt 0.2832 0.0682
vt 0.272 0.0643
vt 0.2726 0.0655
vt 0.2728 0.068
vt 0.3135 0.0735
vt 0.2832 0.0682
vt 0.2945 0.0627
vt 0.2832 0.0682
vt 0.3135 0.0735
vt 0.2863 0.0755
vt 0.2851 0.0675
vt 0.2933 0.0627
vt 0.2832 0.0682
vt 0.4809 0.0953
vt 0.499 0.0959
vt 0.5217 0.1611
vt 0.5116 0.2824
vt 0.5085 0.3119
vt 0.5269 0.2932
vt 0.5085 0.3119
vt 0.5116 0.2824
vt 0.5128 0.285
vt 0.5085 0.3119
vt 0.5017 0.3524
vt 0.5269 0.2932
vt 0.5017 0.3524
vt 0.5085 0.3119
vt 0.511 0.3185
vt 0.511 0.3185
vt 0.5085 0.3119
vt 0.5128 0.285
vt 0.1745 0.3773
vt 0.1822 0.3629
vt 0.1735 0.3839
vt 0.0792 0.2154
vt 0.0454 0.2081
vt 0.132 0.2807
vt 0.1822 0.3629
vt 0.1745 0.3773
vt 0.1695 0.3806
vt 0.3136 0.0572
vt 0.2933 0.0627
vt 0.3158 0.0562
vt 0.4862 0.1447
vt 0.4809 0.0953
vt 0.5017 0.153
vt 0.4862 0.1447
vt 0.5017 0.153
vt 0.5066 0.2348
vt 0.4263 0.1057
vt 0.4809 0.0953
vt 0.4862 0.1447
vt 0.5066 0.2348
vt 0.5116 0.2824
vt 0.5269 0.2932
vt 0.4862 0.1447
vt 0.5066 0.2348
vt 0.5269 0.2932
vt 0.28 0.0793
vt 0.2874 0.0793
vt 0.3181 0.0822
vt 0.2874 0.0793
vt 0.3179 0.0825
vt 0.3181 0.0822
vt 0.3135 0.0735
vt 0.347 0.075
vt 0.3168 0.0799
vt 0.347 0.075
vt 0.347 0.08
vt 0.3168 0.0799
vt 0.3181 0.0822
vt 0.347 0.0834
vt 0.347 0.0793
vt 0.3269 0.079
vt 0.3181 0.0822
vt 0.347 0.0793
vt 0.3269 0.079
vt 0.347 0.0793
vt 0.347 0.0757
vt 0.308 0.0736
vt 0.3269 0.079
vt 0.347 0.0757
vt 0.2968 0.0761
vt 0.3269 0.079
vt 0.308 0.0736
vt 0.2728 0.068
vt 0.2923 0.0799
vt 0.2838 0.0658
vt 0.2728 0.068
vt 0.28 0.0793
vt 0.2923 0.0799
vt 0.2838 0.0658
vt 0.2923 0.0799
vt 0.2968 0.0761
vt 0.2722 0.0706
vt 0.2874 0.0793
vt 0.28 0.0793
vt 0.2863 0.0755
vt 0.2874 0.0793
vt 0.2722 0.0706
vt 0.3168 0.0799
vt 0.347 0.0832
vt 0.3179 0.0825
vt 0.3168 0.0799
vt 0.347 0.08
vt 0.347 0.0832
vt 0.347 0.0675
vt 0.3135 0.0735
vt 0.3146 0.0608
vt 0.347 0.0675
vt 0.347 0.075
vt 0.3135 0.0735
vt 0.347 0.0547
vt 0.347 0.0583
vt 0.3319 0.055
vt 0.347 0.0583
vt 0.3328 0.0588
vt 0.3319 0.055
vt 0.2933 0.0627
vt 0.2945 0.0627
vt 0.2832 0.0682
vt 0.3146 0.0608
vt 0.2945 0.0627
vt 0.3136 0.0572
vt 0.3329 0.1211
vt 0.3661 0.1199
vt 0.3329 0.1762
vt 0.5066 0.2348
vt 0.5184 0.2463
vt 0.5116 0.2824
vt 0.5066 0.2348
vt 0.5017 0.153
vt 0.5184 0.2463
vt 0.2863 0.0613
vt 0.281 0.064
vt 0.2859 0.0656
vt 0.283 0.0629
vt 0.281 0.064
vt 0.2863 0.0613
vt 0.2943 0.0677
vt 0.2968 0.0761
vt 0.308 0.0736
vt 0.2838 0.0658
vt 0.2968 0.0761
vt 0.2943 0.0677
vt 0.3319 0.055
vt 0.3136 0.0572
vt 0.3359 0.0535
vt 0.3136 0.0572
vt 0.3158 0.0562
vt 0.3359 0.0535
vt 0.2859 0.0656
vt 0.2838 0.0658
vt 0.2943 0.0677
vt 0.281 0.064
vt 0.2838 0.0658
vt 0.2859 0.0656
vt 0.347 0.0547
vt 0.3359 0.0535
vt 0.347 0.0534
vt 0.5017 0.153
vt 0.5217 0.1611
vt 0.5184 0.2463
vt 0.283 0.0629
vt 0.2808 0.062
vt 0.281 0.064
vt 0.28 0.0793
vt 0.3181 0.0822
vt 0.2923 0.0799
vt 0.3181 0.0822
vt 0.3179 0.0825
vt 0.347 0.0834
vt 0.3179 0.0825
vt 0.347 0.0832
vt 0.347 0.0834
vt 0.2874 0.0793
vt 0.3168 0.0799
vt 0.3179 0.0825
vt 0.2923 0.0799
vt 0.3181 0.0822
vt 0.3269 0.079
vt 0.347 0.0675
vt 0.3328 0.0588
vt 0.347 0.0583
vt 0.3328 0.0588
vt 0.3136 0.0572
vt 0.3319 0.055
vt 0.3328 0.0588
vt 0.3146 0.0608
vt 0.3136 0.0572
vt 0.3328 0.0588
vt 0.347 0.0675
vt 0.3146 0.0608
vt 0.3146 0.0608
vt 0.3135 0.0735
vt 0.2945 0.0627
vt 0.347 0.0547
vt 0.3319 0.055
vt 0.3359 0.0535
vt 0.2808 0.062
vt 0.272 0.0643
vt 0.281 0.064
vt 0.4809 0.0953
vt 0.5217 0.1611
vt 0.5017 0.153
vt 0.281 0.064
vt 0.272 0.0643
vt 0.2838 0.0658
vt 0.272 0.0643
vt 0.2728 0.068
vt 0.2838 0.0658
vt 0.2728 0.068
vt 0.2722 0.0706
vt 0.28 0.0793
vt 0.3136 0.0572
vt 0.2945 0.0627
vt 0.2933 0.0627
vt 0.2832 0.0682
vt 0.2863 0.0755
vt 0.2722 0.0706
vt 0.3135 0.0735
vt 0.3168 0.0799
vt 0.2863 0.0755
vt 0.2863 0.0755
vt 0.3168 0.0799
vt 0.2874 0.0793
vt 0.2923 0.0799
vt 0.3269 0.079
vt 0.2968 0.0761
vt 0.587 0.5522
vt 0.5968 0.5378
vt 0.5971 0.5522
vt 0.4349 0.5389
vt 0.519 0.458
vt 0.443 0.5389
vt 0.519 0.458
vt 0.4122 0.5255
vt 0.443 0.5389
vt 0.5792 0.5894
vt 0.6144 0.4962
vt 0.5642 0.5894
vt 0.6455 0.5106
vt 0.6144 0.4962
vt 0.5792 0.5894
vt 0.5647 0.5894
vt 0.6373 0.5106
vt 0.5792 0.5894
vt 0.6373 0.5106
vt 0.6455 0.5106
vt 0.5792 0.5894
vt 0.5707 0.5342
vt 0.5842 0.5377
vt 0.587 0.5522
vt 0.5813 0.5106
vt 0.6373 0.5106
vt 0.5647 0.5894
vt 0.5334 0.5894
vt 0.5813 0.5106
vt 0.5647 0.5894
vt 0.5342 0.5106
vt 0.5813 0.5106
vt 0.5334 0.5894
vt 0.5842 0.5377
vt 0.5968 0.5378
vt 0.587 0.5522
vt 0.132 0.2807
vt 0.0476 0.3294
vt 0.1319 0.3338
vt 0.132 0.2807
vt 0.0138 0.2496
vt 0.0476 0.3294
vt 0.1835 0.3716
vt 0.1679 0.3839
vt 0.1828 0.3869
vt 0.0454 0.2081
vt 0.0138 0.2496
vt 0.132 0.2807
vt 0.1232 0.3762
vt 0.1319 0.3338
vt 0.1004 0.3792
vt 0.1319 0.3338
vt 0.0476 0.3294
vt 0.1004 0.3792
vt 0.1828 0.3869
vt 0.1679 0.3839
vt 0.1813 0.4006
vt 0.1679 0.3839
vt 0.1743 0.3995
vt 0.1813 0.4006
vt 0.5269 0.2932
vt 0.5017 0.3524
vt 0.5198 0.3909
vt 0.1975 0.3718
vt 0.1828 0.3869
vt 0.1922 0.3896
vt 0.1975 0.3718
vt 0.1835 0.3716
vt 0.1828 0.3869
vt 0.1886 0.3618
vt 0.1835 0.3716
vt 0.1975 0.3718
vt 0.5198 0.3909
vt 0.5017 0.3524
vt 0.5151 0.3972
vt 0.1922 0.3896
vt 0.1828 0.3869
vt 0.1813 0.4006
vt 0.5583 0.4837
vt 0.5968 0.4856
vt 0.5782 0.5082
vt 0.3661 0.1199
vt 0.4263 0.1057
vt 0.3801 0.1787
vt 0.3828 0.3786
vt 0.3329 0.4083
vt 0.3329 0.4238
vt 0.3828 0.3786
vt 0.4028 0.3854
vt 0.3329 0.4083
vt 0.3678 0.3327
vt 0.3977 0.336
vt 0.4028 0.3854
vt 0.3678 0.3327
vt 0.3775 0.2822
vt 0.3977 0.336
vt 0.3977 0.336
vt 0.3775 0.2822
vt 0.4868 0.3788
vt 0.3977 0.336
vt 0.4868 0.3788
vt 0.4028 0.3854
vt 0.3329 0.3529
vt 0.3704 0.4017
vt 0.3329 0.4154
vt 0.3329 0.3529
vt 0.368 0.3546
vt 0.3704 0.4017
vt 0.3329 0.3529
vt 0.3329 0.3234
vt 0.368 0.3546
vt 0.3329 0.2671
vt 0.3775 0.2822
vt 0.3678 0.3327
vt 0.3329 0.303
vt 0.3329 0.2671
vt 0.3678 0.3327
vt 0.3329 0.303
vt 0.3678 0.3327
vt 0.368 0.3546
vt 0.3329 0.3234
vt 0.3329 0.303
vt 0.368 0.3546
vt 0.3828 0.3786
vt 0.3678 0.3327
vt 0.4028 0.3854
vt 0.368 0.3546
vt 0.3828 0.3786
vt 0.3704 0.4017
vt 0.368 0.3546
vt 0.3678 0.3327
vt 0.3828 0.3786
vt 0.3329 0.4154
vt 0.3704 0.4017
vt 0.3329 0.4238
vt 0.3704 0.4017
vt 0.3828 0.3786
vt 0.3329 0.4238
vt 0.3329 0.4952
vt 0.367 0.4916
vt 0.3329 0.5389
vt 0.3329 0.5389
vt 0.367 0.4916
vt 0.3794 0.5389
vt 0.3794 0.5389
vt 0.4712 0.4608
vt 0.4349 0.5389
vt 0.367 0.4916
vt 0.4712 0.4608
vt 0.3794 0.5389
vt 0.4028 0.3854
vt 0.4712 0.4608
vt 0.367 0.4916
vt 0.4028 0.3854
vt 0.4868 0.3788
vt 0.4712 0.4608
vt 0.3329 0.4083
vt 0.367 0.4916
vt 0.3329 0.4952
vt 0.3329 0.4083
vt 0.4028 0.3854
vt 0.367 0.4916
vt 0.3775 0.2822
vt 0.4747 0.2971
vt 0.4868 0.3788
vt 0.3801 0.1787
vt 0.439 0.1815
vt 0.3775 0.2822
vt 0.3775 0.2822
vt 0.439 0.1815
vt 0.4747 0.2971
vt 0.3329 0.2671
vt 0.3801 0.1787
vt 0.3775 0.2822
vt 0.3329 0.1762
vt 0.3801 0.1787
vt 0.3329 0.2671
vt 0.3329 0.1762
vt 0.3661 0.1199
vt 0.3801 0.1787
vt 0.3801 0.1787
vt 0.4263 0.1057
vt 0.439 0.1815
vt 0.5968 0.5153
vt 0.5968 0.5378
vt 0.5842 0.5377
vt 0.5782 0.5082
vt 0.5968 0.4856
vt 0.5968 0.5153
vt 0.4712 0.4608
vt 0.519 0.458
vt 0.4349 0.5389
vt 0.4868 0.3788
vt 0.519 0.458
vt 0.4712 0.4608
vt 0.4868 0.3788
vt 0.5198 0.3909
vt 0.519 0.458
vt 0.4868 0.3788
vt 0.4747 0.2971
vt 0.5198 0.3909
vt 0.4747 0.2971
vt 0.5269 0.2932
vt 0.5198 0.3909
vt 0.439 0.1815
vt 0.4862 0.1447
vt 0.5269 0.2932
vt 0.4747 0.2971
vt 0.439 0.1815
vt 0.5269 0.2932
vt 0.4263 0.1057
vt 0.4862 0.1447
vt 0.439 0.1815
vt 0.519 0.458
vt 0.5151 0.3972
vt 0.4122 0.5255
vt 0.5198 0.3909
vt 0.5151 0.3972
vt 0.519 0.458
vt 0.5448 0.4732
vt 0.5583 0.4837
vt 0.5368 0.4992
vt 0.1822 0.3629
vt 0.1835 0.3716
vt 0.1679 0.3839
vt 0.1822 0.3629
vt 0.1886 0.3618
vt 0.1835 0.3716
vt 0.6094 0.5377
vt 0.6154 0.5082
vt 0.6229 0.5342
vt 0.6154 0.5082
vt 0.6094 0.5377
vt 0.5968 0.5153
vt 0.6318 0.5054
vt 0.6568 0.4992
vt 0.6229 0.5342
vt 0.6568 0.4992
vt 0.6318 0.5054
vt 0.6353 0.4837
vt 0.6318 0.5054
vt 0.6154 0.5082
vt 0.6353 0.4837
vt 0.6154 0.5082
vt 0.6318 0.5054
vt 0.6229 0.5342
vt 0.4132 0.062
vt 0.4214 0.0655
vt 0.4089 0.0675
vt 0.4214 0.0655
vt 0.4132 0.062
vt 0.422 0.0643
vt 0.4089 0.0675
vt 0.4214 0.0655
vt 0.4108 0.0682
vt 0.4218 0.0706
vt 0.4214 0.0655
vt 0.4212 0.068
vt 0.4214 0.0655
vt 0.4218 0.0706
vt 0.4108 0.0682
vt 0.4214 0.0655
vt 0.422 0.0643
vt 0.4212 0.068
vt 0.4108 0.0682
vt 0.3805 0.0735
vt 0.3995 0.0627
vt 0.3805 0.0735
vt 0.4108 0.0682
vt 0.4077 0.0755
vt 0.4007 0.0627
vt 0.4089 0.0675
vt 0.4108 0.0682
vt 0.499 0.0959
vt 0.4809 0.0953
vt 0.5217 0.1611
vt 0.5085 0.3119
vt 0.5116 0.2824
vt 0.5269 0.2932
vt 0.5116 0.2824
vt 0.5085 0.3119
vt 0.5128 0.285
vt 0.5017 0.3524
vt 0.5085 0.3119
vt 0.5269 0.2932
vt 0.5085 0.3119
vt 0.5017 0.3524
vt 0.511 0.3185
vt 0.5085 0.3119
vt 0.511 0.3185
vt 0.5128 0.285
vt 0.1822 0.3629
vt 0.1745 0.3773
vt 0.1735 0.3839
vt 0.0454 0.2081
vt 0.0792 0.2154
vt 0.132 0.2807
vt 0.1745 0.3773
vt 0.1822 0.3629
vt 0.1695 0.3806
vt 0.4007 0.0627
vt 0.3804 0.0572
vt 0.3781 0.0562
vt 0.4809 0.0953
vt 0.4862 0.1447
vt 0.5017 0.153
vt 0.5017 0.153
vt 0.4862 0.1447
vt 0.5066 0.2348
vt 0.4809 0.0953
vt 0.4263 0.1057
vt 0.4862 0.1447
vt 0.5116 0.2824
vt 0.5066 0.2348
vt 0.5269 0.2932
vt 0.5066 0.2348
vt 0.4862 0.1447
vt 0.5269 0.2932
vt 0.4066 0.0793
vt 0.414 0.0793
vt 0.3759 0.0822
vt 0.3761 0.0825
vt 0.4066 0.0793
vt 0.3759 0.0822
vt 0.347 0.075
vt 0.3805 0.0735
vt 0.3772 0.0799
vt 0.347 0.08
vt 0.347 0.075
vt 0.3772 0.0799
vt 0.347 0.0834
vt 0.3759 0.0822
vt 0.347 0.0793
vt 0.3759 0.0822
vt 0.3671 0.079
vt 0.347 0.0793
vt 0.347 0.0793
vt 0.3671 0.079
vt 0.347 0.0757
vt 0.3671 0.079
vt 0.386 0.0736
vt 0.347 0.0757
vt 0.3671 0.079
vt 0.3972 0.0761
vt 0.386 0.0736
vt 0.4017 0.0799
vt 0.4212 0.068
vt 0.4102 0.0658
vt 0.414 0.0793
vt 0.4212 0.068
vt 0.4017 0.0799
vt 0.4017 0.0799
vt 0.4102 0.0658
vt 0.3972 0.0761
vt 0.4066 0.0793
vt 0.4218 0.0706
vt 0.414 0.0793
vt 0.4066 0.0793
vt 0.4077 0.0755
vt 0.4218 0.0706
vt 0.347 0.0832
vt 0.3772 0.0799
vt 0.3761 0.0825
vt 0.347 0.08
vt 0.3772 0.0799
vt 0.347 0.0832
vt 0.3805 0.0735
vt 0.347 0.0675
vt 0.3794 0.0608
vt 0.347 0.075
vt 0.347 0.0675
vt 0.3805 0.0735
vt 0.347 0.0583
vt 0.347 0.0547
vt 0.3621 0.055
vt 0.3612 0.0588
vt 0.347 0.0583
vt 0.3621 0.055
vt 0.3995 0.0627
vt 0.4007 0.0627
vt 0.4108 0.0682
vt 0.3995 0.0627
vt 0.3794 0.0608
vt 0.3804 0.0572
vt 0.3661 0.1199
vt 0.3329 0.1211
vt 0.3329 0.1762
vt 0.5184 0.2463
vt 0.5066 0.2348
vt 0.5116 0.2824
vt 0.5017 0.153
vt 0.5066 0.2348
vt 0.5184 0.2463
vt 0.413 0.064
vt 0.4077 0.0613
vt 0.4081 0.0656
vt 0.413 0.064
vt 0.411 0.0629
vt 0.4077 0.0613
vt 0.3972 0.0761
vt 0.3997 0.0677
vt 0.386 0.0736
vt 0.3972 0.0761
vt 0.4102 0.0658
vt 0.3997 0.0677
vt 0.3804 0.0572
vt 0.3621 0.055
vt 0.3581 0.0535
vt 0.3781 0.0562
vt 0.3804 0.0572
vt 0.3581 0.0535
vt 0.4102 0.0658
vt 0.4081 0.0656
vt 0.3997 0.0677
vt 0.4102 0.0658
vt 0.413 0.064
vt 0.4081 0.0656
vt 0.3581 0.0535
vt 0.347 0.0547
vt 0.347 0.0534
vt 0.5217 0.1611
vt 0.5017 0.153
vt 0.5184 0.2463
vt 0.4132 0.062
vt 0.411 0.0629
vt 0.413 0.064
vt 0.3759 0.0822
vt 0.414 0.0793
vt 0.4017 0.0799
vt 0.3761 0.0825
vt 0.3759 0.0822
vt 0.347 0.0834
vt 0.347 0.0832
vt 0.3761 0.0825
vt 0.347 0.0834
vt 0.3772 0.0799
vt 0.4066 0.0793
vt 0.3761 0.0825
vt 0.3759 0.0822
vt 0.4017 0.0799
vt 0.3671 0.079
vt 0.3612 0.0588
vt 0.347 0.0675
vt 0.347 0.0583
vt 0.3804 0.0572
vt 0.3612 0.0588
vt 0.3621 0.055
vt 0.3794 0.0608
vt 0.3612 0.0588
vt 0.3804 0.0572
vt 0.347 0.0675
vt 0.3612 0.0588
vt 0.3794 0.0608
vt 0.3805 0.0735
vt 0.3794 0.0608
vt 0.3995 0.0627
vt 0.3621 0.055
vt 0.347 0.0547
vt 0.3581 0.0535
vt 0.422 0.0643
vt 0.4132 0.062
vt 0.413 0.064
vt 0.5217 0.1611
vt 0.4809 0.0953
vt 0.5017 0.153
vt 0.422 0.0643
vt 0.413 0.064
vt 0.4102 0.0658
vt 0.4212 0.068
vt 0.422 0.0643
vt 0.4102 0.0658
vt 0.4218 0.0706
vt 0.4212 0.068
vt 0.414 0.0793
vt 0.3995 0.0627
vt 0.3804 0.0572
vt 0.4007 0.0627
vt 0.4077 0.0755
vt 0.4108 0.0682
vt 0.4218 0.0706
vt 0.3772 0.0799
vt 0.3805 0.0735
vt 0.4077 0.0755
vt 0.3772 0.0799
vt 0.4077 0.0755
vt 0.4066 0.0793
vt 0.3671 0.079
vt 0.4017 0.0799
vt 0.3972 0.0761
vt 0.5968 0.5378
vt 0.6066 0.5522
vt 0.5971 0.5522
vt 0.519 0.458
vt 0.4349 0.5389
vt 0.443 0.5389
vt 0.4122 0.5255
vt 0.519 0.458
vt 0.443 0.5389
vt 0.6144 0.4962
vt 0.5792 0.5894
vt 0.5642 0.5894
vt 0.6144 0.4962
vt 0.6455 0.5106
vt 0.5792 0.5894
vt 0.6373 0.5106
vt 0.5647 0.5894
vt 0.5792 0.5894
vt 0.6455 0.5106
vt 0.6373 0.5106
vt 0.5792 0.5894
vt 0.6094 0.5377
vt 0.6229 0.5342
vt 0.6066 0.5522
vt 0.6373 0.5106
vt 0.5813 0.5106
vt 0.5647 0.5894
vt 0.5813 0.5106
vt 0.5334 0.5894
vt 0.5647 0.5894
vt 0.5813 0.5106
vt 0.5342 0.5106
vt 0.5334 0.5894
vt 0.5968 0.5378
vt 0.6094 0.5377
vt 0.6066 0.5522
vt 0.0476 0.3294
vt 0.132 0.2807
vt 0.1319 0.3338
vt 0.0138 0.2496
vt 0.132 0.2807
vt 0.0476 0.3294
vt 0.1679 0.3839
vt 0.1835 0.3716
vt 0.1828 0.3869
vt 0.0138 0.2496
vt 0.0454 0.2081
vt 0.132 0.2807
vt 0.1319 0.3338
vt 0.1232 0.3762
vt 0.1004 0.3792
vt 0.0476 0.3294
vt 0.1319 0.3338
vt 0.1004 0.3792
vt 0.1679 0.3839
vt 0.1828 0.3869
vt 0.1813 0.4006
vt 0.1743 0.3995
vt 0.1679 0.3839
vt 0.1813 0.4006
vt 0.5017 0.3524
vt 0.5269 0.2932
vt 0.5198 0.3909
vt 0.1828 0.3869
vt 0.1975 0.3718
vt 0.1922 0.3896
vt 0.1835 0.3716
vt 0.1975 0.3718
vt 0.1828 0.3869
vt 0.1835 0.3716
vt 0.1886 0.3618
vt 0.1975 0.3718
vt 0.5017 0.3524
vt 0.5198 0.3909
vt 0.5151 0.3972
vt 0.1828 0.3869
vt 0.1922 0.3896
vt 0.1813 0.4006
vt 0.5968 0.4856
vt 0.6353 0.4837
vt 0.6154 0.5082
vt 0.4263 0.1057
vt 0.3661 0.1199
vt 0.3801 0.1787
vt 0.3329 0.4083
vt 0.3828 0.3786
vt 0.3329 0.4238
vt 0.4028 0.3854
vt 0.3828 0.3786
vt 0.3329 0.4083
vt 0.3977 0.336
vt 0.3678 0.3327
vt 0.4028 0.3854
vt 0.3775 0.2822
vt 0.3678 0.3327
vt 0.3977 0.336
vt 0.3775 0.2822
vt 0.3977 0.336
vt 0.4868 0.3788
vt 0.4868 0.3788
vt 0.3977 0.336
vt 0.4028 0.3854
vt 0.3704 0.4017
vt 0.3329 0.3529
vt 0.3329 0.4154
vt 0.368 0.3546
vt 0.3329 0.3529
vt 0.3704 0.4017
vt 0.3329 0.3234
vt 0.3329 0.3529
vt 0.368 0.3546
vt 0.3775 0.2822
vt 0.3329 0.2671
vt 0.3678 0.3327
vt 0.3329 0.2671
vt 0.3329 0.303
vt 0.3678 0.3327
vt 0.3678 0.3327
vt 0.3329 0.303
vt 0.368 0.3546
vt 0.3329 0.303
vt 0.3329 0.3234
vt 0.368 0.3546
vt 0.3678 0.3327
vt 0.3828 0.3786
vt 0.4028 0.3854
vt 0.3828 0.3786
vt 0.368 0.3546
vt 0.3704 0.4017
vt 0.3678 0.3327
vt 0.368 0.3546
vt 0.3828 0.3786
vt 0.3704 0.4017
vt 0.3329 0.4154
vt 0.3329 0.4238
vt 0.3828 0.3786
vt 0.3704 0.4017
vt 0.3329 0.4238
vt 0.367 0.4916
vt 0.3329 0.4952
vt 0.3329 0.5389
vt 0.367 0.4916
vt 0.3329 0.5389
vt 0.3794 0.5389
vt 0.4712 0.4608
vt 0.3794 0.5389
vt 0.4349 0.5389
vt 0.4712 0.4608
vt 0.367 0.4916
vt 0.3794 0.5389
vt 0.4712 0.4608
vt 0.4028 0.3854
vt 0.367 0.4916
vt 0.4868 0.3788
vt 0.4028 0.3854
vt 0.4712 0.4608
vt 0.367 0.4916
vt 0.3329 0.4083
vt 0.3329 0.4952
vt 0.4028 0.3854
vt 0.3329 0.4083
vt 0.367 0.4916
vt 0.4747 0.2971
vt 0.3775 0.2822
vt 0.4868 0.3788
vt 0.439 0.1815
vt 0.3801 0.1787
vt 0.3775 0.2822
vt 0.439 0.1815
vt 0.3775 0.2822
vt 0.4747 0.2971
vt 0.3801 0.1787
vt 0.3329 0.2671
vt 0.3775 0.2822
vt 0.3801 0.1787
vt 0.3329 0.1762
vt 0.3329 0.2671
vt 0.3661 0.1199
vt 0.3329 0.1762
vt 0.3801 0.1787
vt 0.4263 0.1057
vt 0.3801 0.1787
vt 0.439 0.1815
vt 0.5968 0.5378
vt 0.5968 0.5153
vt 0.6094 0.5377
vt 0.5968 0.4856
vt 0.6154 0.5082
vt 0.5968 0.5153
vt 0.519 0.458
vt 0.4712 0.4608
vt 0.4349 0.5389
vt 0.519 0.458
vt 0.4868 0.3788
vt 0.4712 0.4608
vt 0.5198 0.3909
vt 0.4868 0.3788
vt 0.519 0.458
vt 0.4747 0.2971
vt 0.4868 0.3788
vt 0.5198 0.3909
vt 0.5269 0.2932
vt 0.4747 0.2971
vt 0.5198 0.3909
vt 0.4862 0.1447
vt 0.439 0.1815
vt 0.5269 0.2932
vt 0.439 0.1815
vt 0.4747 0.2971
vt 0.5269 0.2932
vt 0.4862 0.1447
vt 0.4263 0.1057
vt 0.439 0.1815
vt 0.5151 0.3972
vt 0.519 0.458
vt 0.4122 0.5255
vt 0.5151 0.3972
vt 0.5198 0.3909
vt 0.519 0.458
vt 0.6353 0.4837
vt 0.6488 0.4732
vt 0.6568 0.4992
vt 0.5326 0.405
vt 0.5839 0.405
vt 0.5799 0.4549
vt 0.5839 0.405
vt 0.5316 0.405
vt 0.5656 0.4739
vt 0.5839 0.405
vt 0.5656 0.4739
vt 0.5799 0.475
vt 0.5316 0.405
vt 0.5446 0.4712
vt 0.5656 0.4739
vt 0.5316 0.405
vt 0.5326 0.4654
vt 0.5446 0.4712
vt 0.5316 0.405
vt 0.5075 0.405
vt 0.5326 0.4654
vt 0.5075 0.405
vt 0.5326 0.405
vt 0.5436 0.4597
vt 0.5075 0.405
vt 0.5436 0.4597
vt 0.5326 0.4654
vt 0.5326 0.405
vt 0.5799 0.4549
vt 0.5436 0.4597
vt 0.5839 0.405
vt 0.6324 0.405
vt 0.5799 0.4549
vt 0.6334 0.405
vt 0.5839 0.405
vt 0.5942 0.4739
vt 0.5942 0.4739
vt 0.5839 0.405
vt 0.5799 0.475
vt 0.5799 0.4549
vt 0.6324 0.405
vt 0.6163 0.4597
vt 0.6153 0.4712
vt 0.6334 0.405
vt 0.5942 0.4739
vt 0.6272 0.4654
vt 0.6334 0.405
vt 0.6153 0.4712
vt 0.6575 0.405
vt 0.6334 0.405
vt 0.6272 0.4654
vt 0.6324 0.405
vt 0.6575 0.405
vt 0.6163 0.4597
vt 0.6163 0.4597
vt 0.6575 0.405
vt 0.6272 0.4654
usemtl Material
f 3/3/3 2/2/2 1/1/1
f 6/6/6 5/5/5 4/4/4
f 9/9/9 8/8/8 7/7/7
f 12/12/12 11/11/11 10/10/10
f 15/15/15 14/14/14 13/13/13
f 18/18/18 17/17/17 16/16/16
f 21/21/21 20/20/20 19/19/19
f 24/24/24 23/23/23 22/22/22
f 27/27/27 26/26/26 25/25/25
f 30/30/30 29/29/29 28/28/28
f 33/33/33 32/32/32 31/31/31
f 36/36/36 35/35/35 34/34/34
f 39/39/39 38/38/38 37/37/37
f 42/42/42 41/41/41 40/40/40
f 45/45/45 44/44/44 43/43/43
f 48/48/48 47/47/47 46/46/46
f 51/51/51 50/50/50 49/49/49
f 54/54/54 53/53/53 52/52/52
f 57/57/57 56/56/56 55/55/55
f 60/60/60 59/59/59 58/58/58
f 63/63/63 62/62/62 61/61/61
f 66/66/66 65/65/65 64/64/64
f 69/69/69 68/68/68 67/67/67
f 72/72/72 71/71/71 70/70/70
f 75/75/75 74/74/74 73/73/73
f 78/78/78 77/77/77 76/76/76
f 81/81/81 80/80/80 79/79/79
f 84/84/84 83/83/83 82/82/82
f 87/87/87 86/86/86 85/85/85
f 90/90/90 89/89/89 88/88/88
f 93/93/93 92/92/92 91/91/91
f 96/96/96 95/95/95 94/94/94
f 99/99/99 98/98/98 97/97/97
f 102/102/102 101/101/101 100/100/100
f 105/105/105 104/104/104 103/103/103
f 108/108/108 107/107/107 106/106/106
f 111/111/111 110/110/110 109/109/109
f 114/114/114 113/113/113 112/112/112
f 117/117/117 116/116/116 115/115/115
f 120/120/120 119/119/119 118/118/118
f 123/123/123 122/122/122 121/121/121
f 126/126/126 125/125/125 124/124/124
f 129/129/129 128/128/128 127/127/127
f 132/132/132 131/131/131 130/130/130
f 135/135/135 134/134/134 133/133/133
f 138/138/138 137/137/137 136/136/136
f 141/141/141 140/140/140 139/139/139
f 144/144/144 143/143/143 142/142/142
f 147/147/147 146/146/146 145/145/145
f 150/150/150 149/149/149 148/148/148
f 153/153/153 152/152/152 151/151/151
f 156/156/156 155/155/155 154/154/154
f 159/159/159 158/158/158 157/157/157
f 162/162/162 161/161/161 160/160/160
f 165/165/165 164/164/164 163/163/163
f 168/168/168 167/167/167 166/166/166
f 171/171/171 170/170/170 169/169/169
f 174/174/174 173/173/173 172/172/172
f 177/177/177 176/176/176 175/175/175
f 180/180/180 179/179/179 178/178/178
f 183/183/183 182/182/182 181/181/181
f 186/186/186 185/185/185 184/184/184
f 189/189/189 188/188/188 187/187/187
f 192/192/192 191/191/191 190/190/190
f 195/195/195 194/194/194 193/193/193
f 198/198/198 197/197/197 196/196/196
f 201/201/201 200/200/200 199/199/199
f 204/204/204 203/203/203 202/202/202
f 207/207/207 206/206/206 205/205/205
f 210/210/210 209/209/209 208/208/208
f 213/213/213 212/212/212 211/211/211
f 216/216/216 215/215/215 214/214/214
f 219/219/219 218/218/218 217/217/217
f 222/222/222 221/221/221 220/220/220
f 225/225/225 224/224/224 223/223/223
f 228/228/228 227/227/227 226/226/226
f 231/231/231 230/230/230 229/229/229
f 234/234/234 233/233/233 232/232/232
f 237/237/237 236/236/236 235/235/235
f 240/240/240 239/239/239 238/238/238
f 243/243/243 242/242/242 241/241/241
f 246/246/246 245/245/245 244/244/244
f 249/249/249 248/248/248 247/247/247
f 252/252/252 251/251/251 250/250/250
f 255/255/255 254/254/254 253/253/253
f 258/258/258 257/257/257 256/256/256
f 261/261/261 260/260/260 259/259/259
f 264/264/264 263/263/263 262/262/262
f 267/267/267 266/266/266 265/265/265
f 270/270/270 269/269/269 268/268/268
f 273/273/273 272/272/272 271/271/271
f 276/276/276 275/275/275 274/274/274
f 279/279/279 278/278/278 277/277/277
f 282/282/282 281/281/281 280/280/280
f 285/285/285 284/284/284 283/283/283
f 288/288/288 287/287/287 286/286/286
f 291/291/291 290/290/290 289/289/289
f 294/294/294 293/293/293 292/292/292
f 297/297/297 296/296/296 295/295/295
f 300/300/300 299/299/299 298/298/298
f 303/303/303 302/302/302 301/301/301
f 306/306/306 305/305/305 304/304/304
f 309/309/309 308/308/308 307/307/307
f 312/312/312 311/311/311 310/310/310
f 315/315/315 314/314/314 313/313/313
f 318/318/318 317/317/317 316/316/316
f 321/321/321 320/320/320 319/319/319
f 324/324/324 323/323/323 322/322/322
f 327/327/327 326/326/326 325/325/325
f 330/330/330 329/329/329 328/328/328
f 333/333/333 332/332/332 331/331/331
f 336/336/336 335/335/335 334/334/334
f 339/339/339 338/338/338 337/337/337
f 342/342/342 341/341/341 340/340/340
f 345/345/345 344/344/344 343/343/343
f 348/348/348 347/347/347 346/346/346
f 351/351/351 350/350/350 349/349/349
f 354/354/354 353/353/353 352/352/352
f 357/357/357 356/356/356 355/355/355
f 360/360/360 359/359/359 358/358/358
f 363/363/363 362/362/362 361/361/361
f 366/366/366 365/365/365 364/364/364
f 369/369/369 368/368/368 367/367/367
f 372/372/372 371/371/371 370/370/370
f 375/375/375 374/374/374 373/373/373
f 378/378/378 377/377/377 376/376/376
f 381/381/381 380/380/380 379/379/379
f 384/384/384 383/383/383 382/382/382
f 387/387/387 386/386/386 385/385/385
f 390/390/390 389/389/389 388/388/388
f 393/393/393 392/392/392 391/391/391
f 396/396/396 395/395/395 394/394/394
f 399/399/399 398/398/398 397/397/397
f 402/402/402 401/401/401 400/400/400
f 405/405/405 404/404/404 403/403/403
f 408/408/408 407/407/407 406/406/406
f 411/411/411 410/410/410 409/409/409
f 414/414/414 413/413/413 412/412/412
f 417/417/417 416/416/416 415/415/415
f 420/420/420 419/419/419 418/418/418
f 423/423/423 422/422/422 421/421/421
f 426/426/426 425/425/425 424/424/424
f 429/429/429 428/428/428 427/427/427
f 432/432/432 431/431/431 430/430/430
f 435/435/435 434/434/434 433/433/433
f 438/438/438 437/437/437 436/436/436
f 441/441/441 440/440/440 439/439/439
f 444/444/444 443/443/443 442/442/442
f 447/447/447 446/446/446 445/445/445
f 450/450/450 449/449/449 448/448/448
f 453/453/453 452/452/452 451/451/451
f 456/456/456 455/455/455 454/454/454
f 459/459/459 458/458/458 457/457/457
f 462/462/462 461/461/461 460/460/460
f 465/465/465 464/464/464 463/463/463
f 468/468/468 467/467/467 466/466/466
f 471/471/471 470/470/470 469/469/469
f 474/474/474 473/473/473 472/472/472
f 477/477/477 476/476/476 475/475/475
f 480/480/480 479/479/479 478/478/478
f 483/483/483 482/482/482 481/481/481
f 486/486/486 485/485/485 484/484/484
f 489/489/489 488/488/488 487/487/487
f 492/492/492 491/491/491 490/490/490
f 495/495/495 494/494/494 493/493/493
f 498/498/498 497/497/497 496/496/496
f 501/501/501 500/500/500 499/499/499
f 504/504/504 503/503/503 502/502/502
f 507/507/507 506/506/506 505/505/505
f 510/510/510 509/509/509 508/508/508
f 513/513/513 512/512/512 511/511/511
f 516/516/516 515/515/515 514/514/514
f 519/519/519 518/518/518 517/517/517
f 522/522/522 521/521/521 520/520/520
f 525/525/525 524/524/524 523/523/523
f 528/528/528 527/527/527 526/526/526
f 531/531/531 530/530/530 529/529/529
f 534/534/534 533/533/533 532/532/532
f 537/537/537 536/536/536 535/535/535
f 540/540/540 539/539/539 538/538/538
f 543/543/543 542/542/542 541/541/541
f 546/546/546 545/545/545 544/544/544
f 549/549/549 548/548/548 547/547/547
f 552/552/552 551/551/551 550/550/550
f 555/555/555 554/554/554 553/553/553
f 558/558/558 557/557/557 556/556/556
f 561/561/561 560/560/560 559/559/559
f 564/564/564 563/563/563 562/562/562
f 567/567/567 566/566/566 565/565/565
f 570/570/570 569/569/569 568/568/568
f 573/573/573 572/572/572 571/571/571
f 576/576/576 575/575/575 574/574/574
f 579/579/579 578/578/578 577/577/577
f 582/582/582 581/581/581 580/580/580
f 585/585/585 584/584/584 583/583/583
f 588/588/588 587/587/587 586/586/586
f 591/591/591 590/590/590 589/589/589
f 594/594/594 593/593/593 592/592/592
f 597/597/597 596/596/596 595/595/595
f 600/600/600 599/599/599 598/598/598
f 603/603/603 602/602/602 601/601/601
f 606/606/606 605/605/605 604/604/604
f 609/609/609 608/608/608 607/607/607
f 612/612/612 611/611/611 610/610/610
f 615/615/615 614/614/614 613/613/613
f 618/618/618 617/617/617 616/616/616
f 621/621/621 620/620/620 619/619/619
f 624/624/624 623/623/623 622/622/622
f 627/627/627 626/626/626 625/625/625
f 630/630/630 629/629/629 628/628/628
f 633/633/633 632/632/632 631/631/631
f 636/636/636 635/635/635 634/634/634
f 639/639/639 638/638/638 637/637/637
f 642/642/642 641/641/641 640/640/640
f 645/645/645 644/644/644 643/643/643
f 648/648/648 647/647/647 646/646/646
f 651/651/651 650/650/650 649/649/649
f 654/654/654 653/653/653 652/652/652
f 657/657/657 656/656/656 655/655/655
f 660/660/660 659/659/659 658/658/658
f 663/663/663 662/662/662 661/661/661
f 666/666/666 665/665/665 664/664/664
f 669/669/669 668/668/668 667/667/667
f 672/672/672 671/671/671 670/670/670
f 675/675/675 674/674/674 673/673/673
f 678/678/678 677/677/677 676/676/676
f 681/681/681 680/680/680 679/679/679
f 684/684/684 683/683/683 682/682/682
f 687/687/687 686/686/686 685/685/685
f 690/690/690 689/689/689 688/688/688
f 693/693/693 692/692/692 691/691/691
f 696/696/696 695/695/695 694/694/694
f 699/699/699 698/698/698 697/697/697
f 702/702/702 701/701/701 700/700/700
f 705/705/705 704/704/704 703/703/703
f 708/708/708 707/707/707 706/706/706
f 711/711/711 710/710/710 709/709/709
f 714/714/714 713/713/713 712/712/712
f 717/717/717 716/716/716 715/715/715
f 720/720/720 719/719/719 718/718/718
f 723/723/723 722/722/722 721/721/721
f 726/726/726 725/725/725 724/724/724
f 729/729/729 728/728/728 727/727/727
f 732/732/732 731/731/731 730/730/730
f 735/735/735 734/734/734 733/733/733
f 738/738/738 737/737/737 736/736/736
f 741/741/741 740/740/740 739/739/739
f 744/744/744 743/743/743 742/742/742
f 747/747/747 746/746/746 745/745/745
f 750/750/750 749/749/749 748/748/748
f 753/753/753 752/752/752 751/751/751
f 756/756/756 755/755/755 754/754/754
f 759/759/759 758/758/758 757/757/757
f 762/762/762 761/761/761 760/760/760
f 765/765/765 764/764/764 763/763/763
f 768/768/768 767/767/767 766/766/766
f 771/771/771 770/770/770 769/769/769
f 774/774/774 773/773/773 772/772/772
f 777/777/777 776/776/776 775/775/775
f 780/780/780 779/779/779 778/778/778
f 783/783/783 782/782/782 781/781/781
f 786/786/786 785/785/785 784/784/784
f 789/789/789 788/788/788 787/787/787
f 792/792/792 791/791/791 790/790/790
f 795/795/795 794/794/794 793/793/793
f 798/798/798 797/797/797 796/796/796
f 801/801/801 800/800/800 799/799/799
f 804/804/804 803/803/803 802/802/802
f 807/807/807 806/806/806 805/805/805
f 810/810/810 809/809/809 808/808/808
f 813/813/813 812/812/812 811/811/811
f 816/816/816 815/815/815 814/814/814
f 819/819/819 818/818/818 817/817/817
f 822/822/822 821/821/821 820/820/820
f 825/825/825 824/824/824 823/823/823
f 828/828/828 827/827/827 826/826/826
f 831/831/831 830/830/830 829/829/829
f 834/834/834 833/833/833 832/832/832
f 837/837/837 836/836/836 835/835/835
f 840/840/840 839/839/839 838/838/838
f 843/843/843 842/842/842 841/841/841
f 846/846/846 845/845/845 844/844/844
f 849/849/849 848/848/848 847/847/847
f 852/852/852 851/851/851 850/850/850
f 855/855/855 854/854/854 853/853/853
f 858/858/858 857/857/857 856/856/856
f 861/861/861 860/860/860 859/859/859
f 864/864/864 863/863/863 862/862/862
f 867/867/867 866/866/866 865/865/865
f 870/870/870 869/869/869 868/868/868
f 873/873/873 872/872/872 871/871/871
f 876/876/876 875/875/875 874/874/874
f 879/879/879 878/878/878 877/877/877
f 882/882/882 881/881/881 880/880/880
f 885/885/885 884/884/884 883/883/883
f 888/888/888 887/887/887 886/886/886
f 891/891/891 890/890/890 889/889/889
f 894/894/894 893/893/893 892/892/892
f 897/897/897 896/896/896 895/895/895
f 900/900/900 899/899/899 898/898/898
f 903/903/903 902/902/902 901/901/901
f 906/906/906 905/905/905 904/904/904
f 909/909/909 908/908/908 907/907/907
f 912/912/912 911/911/911 910/910/910
f 915/915/915 914/914/914 913/913/913
f 918/918/918 917/917/917 916/916/916
f 921/921/921 920/920/920 919/919/919
f 924/924/924 923/923/923 922/922/922
f 927/927/927 926/926/926 925/925/925
f 930/930/930 929/929/929 928/928/928
f 933/933/933 932/932/932 931/931/931
f 936/936/936 935/935/935 934/934/934
f 939/939/939 938/938/938 937/937/937
f 942/942/942 941/941/941 940/940/940
f 945/945/945 944/944/944 943/943/943
f 948/948/948 947/947/947 946/946/946
f 951/951/951 950/950/950 949/949/949
f 954/954/954 953/953/953 952/952/952
f 957/957/957 956/956/956 955/955/955
f 960/960/960 959/959/959 958/958/958
f 963/963/963 962/962/962 961/961/961
f 966/966/966 965/965/965 964/964/964
f 969/969/969 968/968/968 967/967/967
f 972/972/972 971/971/971 970/970/970
f 975/975/975 974/974/974 973/973/973
f 978/978/978 977/977/977 976/976/976
f 981/981/981 980/980/980 979/979/979
f 984/984/984 983/983/983 982/982/982
f 987/987/987 986/986/986 985/985/985
f 990/990/990 989/989/989 988/988/988
f 993/993/993 992/992/992 991/991/991
f 996/996/996 995/995/995 994/994/994
f 999/999/999 998/998/998 997/997/997
f 1002/1002/1002 1001/1001/1001 1000/1000/1000
f 1005/1005/1005 1004/1004/1004 1003/1003/1003
f 1008/1008/1008 1007/1007/1007 1006/1006/1006
f 1011/1011/1011 1010/1010/1010 1009/1009/1009
f 1014/1014/1014 1013/1013/1013 1012/1012/1012
f 1017/1017/1017 1016/1016/1016 1015/1015/1015
f 1020/1020/1020 1019/1019/1019 1018/1018/1018
f 1023/1023/1023 1022/1022/1022 1021/1021/1021
f 1026/1026/1026 1025/1025/1025 1024/1024/1024
f 1029/1029/1029 1028/1028/1028 1027/1027/1027
f 1032/1032/1032 1031/1031/1031 1030/1030/1030
